STATION,DATE,LATITUDE,LONGITUDE,ELEVATION,NAME,DLY-CLDD-BASE45,DLY-CLDD-BASE45_ATTRIBUTES,DLY-CLDD-BASE50,DLY-CLDD-BASE50_ATTRIBUTES,DLY-CLDD-BASE55,DLY-CLDD-BASE55_ATTRIBUTES,DLY-CLDD-BASE57,DLY-CLDD-BASE57_ATTRIBUTES,DLY-CLDD-BASE60,DLY-CLDD-BASE60_ATTRIBUTES,DLY-CLDD-BASE70,DLY-CLDD-BASE70_ATTRIBUTES,DLY-CLDD-BASE72,DLY-CLDD-BASE72_ATTRIBUTES,DLY-CLDD-NORMAL,DLY-CLDD-NORMAL_ATTRIBUTES,DLY-DUTR-NORMAL,DLY-DUTR-NORMAL_ATTRIBUTES,DLY-DUTR-STDDEV,DLY-DUTR-STDDEV_ATTRIBUTES,DLY-GRDD-BASE40,DLY-GRDD-BASE40_ATTRIBUTES,DLY-GRDD-BASE45,DLY-GRDD-BASE45_ATTRIBUTES,DLY-GRDD-BASE50,DLY-GRDD-BASE50_ATTRIBUTES,DLY-GRDD-BASE55,DLY-GRDD-BASE55_ATTRIBUTES,DLY-GRDD-BASE57,DLY-GRDD-BASE57_ATTRIBUTES,DLY-GRDD-BASE60,DLY-GRDD-BASE60_ATTRIBUTES,DLY-GRDD-BASE65,DLY-GRDD-BASE65_ATTRIBUTES,DLY-GRDD-BASE70,DLY-GRDD-BASE70_ATTRIBUTES,DLY-GRDD-BASE72,DLY-GRDD-BASE72_ATTRIBUTES,DLY-GRDD-TB4886,DLY-GRDD-TB4886_ATTRIBUTES,DLY-GRDD-TB5086,DLY-GRDD-TB5086_ATTRIBUTES,DLY-HTDD-BASE40,DLY-HTDD-BASE40_ATTRIBUTES,DLY-HTDD-BASE45,DLY-HTDD-BASE45_ATTRIBUTES,DLY-HTDD-BASE50,DLY-HTDD-BASE50_ATTRIBUTES,DLY-HTDD-BASE55,DLY-HTDD-BASE55_ATTRIBUTES,DLY-HTDD-BASE57,DLY-HTDD-BASE57_ATTRIBUTES,DLY-HTDD-BASE60,DLY-HTDD-BASE60_ATTRIBUTES,DLY-HTDD-NORMAL,DLY-HTDD-NORMAL_ATTRIBUTES,DLY-TAVG-NORMAL,DLY-TAVG-NORMAL_ATTRIBUTES,DLY-TAVG-STDDEV,DLY-TAVG-STDDEV_ATTRIBUTES,DLY-TMAX-NORMAL,DLY-TMAX-NORMAL_ATTRIBUTES,DLY-TMAX-STDDEV,DLY-TMAX-STDDEV_ATTRIBUTES,DLY-TMIN-NORMAL,DLY-TMIN-NORMAL_ATTRIBUTES,DLY-TMIN-STDDEV,DLY-TMIN-STDDEV_ATTRIBUTES
USC00105414,1-Jan,44.08278,-115.61861,1194.8,"LOWMAN, ID US",0,R,0,R,0,R,0,R,0,R,0,R,0,R,0,R,176,R,92,R,-7777,R,0,R,0,R,0,R,0,R,0,R,0,R,0,R,0,R,-7777,R,-7777,R,18,R,23,R,28,R,33,R,35,R,38,R,43,R,215,R,89,R,303,R,65,R,127,R,127,R
USC00105414,2-Jan,44.08278,-115.61861,1194.8,"LOWMAN, ID US",0,R,0,R,0,R,0,R,0,R,0,R,0,R,0,R,175,R,93,R,-7777,R,0,R,0,R,0,R,0,R,0,R,0,R,0,R,0,R,-7777,R,-7777,R,18,R,23,R,28,R,33,R,35,R,38,R,43,R,216,R,89,R,303,R,64,R,128,R,127,R
USC00105414,3-Jan,44.08278,-115.61861,1194.8,"LOWMAN, ID US",0,R,0,R,0,R,0,R,0,R,0,R,0,R,0,R,175,R,93,R,-7777,R,0,R,0,R,0,R,0,R,0,R,0,R,0,R,0,R,-7777,R,-7777,R,18,R,23,R,28,R,33,R,35,R,38,R,43,R,216,R,89,R,304,R,63,R,129,R,127,R
USC00105414,4-Jan,44.08278,-115.61861,1194.8,"LOWMAN, ID US",0,R,0,R,0,R,0,R,0,R,0,R,0,R,0,R,175,R,93,R,-7777,R,0,R,0,R,0,R,0,R,0,R,0,R,0,R,0,R,-7777,R,-7777,R,18,R,23,R,28,R,33,R,35,R,38,R,43,R,217,R,88,R,304,R,63,R,129,R,127,R
USC00105414,5-Jan,44.08278,-115.61861,1194.8,"LOWMAN, ID US",0,R,0,R,0,R,0,R,0,R,0,R,0,R,0,R,175,R,93,R,-7777,R,0,R,0,R,0,R,0,R,0,R,0,R,0,R,0,R,-7777,R,-7777,R,18,R,23,R,28,R,33,R,35,R,38,R,43,R,218,R,88,R,305,R,63,R,130,R,127,R
USC00105414,6-Jan,44.08278,-115.61861,1194.8,"LOWMAN, ID US",0,R,0,R,0,R,0,R,0,R,0,R,0,R,0,R,175,R,94,R,-7777,R,0,R,0,R,0,R,0,R,0,R,0,R,0,R,0,R,-7777,R,-7777,R,18,R,23,R,28,R,33,R,35,R,38,R,43,R,218,R,88,R,306,R,62,R,131,R,127,R
USC00105414,7-Jan,44.08278,-115.61861,1194.8,"LOWMAN, ID US",0,R,0,R,0,R,0,R,0,R,0,R,0,R,0,R,175,R,94,R,-7777,R,0,R,0,R,0,R,0,R,0,R,0,R,0,R,0,R,-7777,R,-7777,R,18,R,23,R,28,R,33,R,35,R,38,R,43,R,219,R,87,R,307,R,61,R,132,R,127,R
USC00105414,8-Jan,44.08278,-115.61861,1194.8,"LOWMAN, ID US",0,R,0,R,0,R,0,R,0,R,0,R,0,R,0,R,175,R,95,R,0,R,0,R,0,R,0,R,0,R,0,R,0,R,0,R,0,R,-7777,R,-7777,R,18,R,23,R,28,R,33,R,35,R,38,R,43,R,220,R,87,R,308,R,61,R,133,R,127,R
USC00105414,9-Jan,44.08278,-115.61861,1194.8,"LOWMAN, ID US",0,R,0,R,0,R,0,R,0,R,0,R,0,R,0,R,175,R,95,R,0,R,0,R,0,R,0,R,0,R,0,R,0,R,0,R,0,R,0,R,0,R,18,R,23,R,28,R,33,R,35,R,38,R,43,R,221,R,87,R,309,R,60,R,133,R,127,R
USC00105414,10-Jan,44.08278,-115.61861,1194.8,"LOWMAN, ID US",0,R,0,R,0,R,0,R,0,R,0,R,0,R,0,R,176,R,95,R,0,R,0,R,0,R,0,R,0,R,0,R,0,R,0,R,0,R,0,R,0,R,18,R,23,R,28,R,33,R,35,R,38,R,43,R,222,R,86,R,310,R,60,R,134,R,127,R
USC00105414,11-Jan,44.08278,-115.61861,1194.8,"LOWMAN, ID US",0,R,0,R,0,R,0,R,0,R,0,R,0,R,0,R,176,R,96,R,0,R,0,R,0,R,0,R,0,R,0,R,0,R,0,R,0,R,0,R,0,R,18,R,23,R,28,R,33,R,35,R,38,R,43,R,223,R,86,R,311,R,59,R,135,R,126,R
USC00105414,12-Jan,44.08278,-115.61861,1194.8,"LOWMAN, ID US",0,R,0,R,0,R,0,R,0,R,0,R,0,R,0,R,177,R,96,R,0,R,0,R,0,R,0,R,0,R,0,R,0,R,0,R,0,R,0,R,0,R,18,R,23,R,28,R,33,R,35,R,38,R,43,R,224,R,85,R,312,R,59,R,135,R,126,R
USC00105414,13-Jan,44.08278,-115.61861,1194.8,"LOWMAN, ID US",0,R,0,R,0,R,0,R,0,R,0,R,0,R,0,R,178,R,96,R,0,R,0,R,0,R,0,R,0,R,0,R,0,R,0,R,0,R,0,R,0,R,18,R,23,R,28,R,33,R,35,R,38,R,43,R,225,R,85,R,313,R,59,R,136,R,126,R
USC00105414,14-Jan,44.08278,-115.61861,1194.8,"LOWMAN, ID US",0,R,0,R,0,R,0,R,0,R,0,R,0,R,0,R,178,R,96,R,0,R,0,R,0,R,0,R,0,R,0,R,0,R,0,R,0,R,0,R,0,R,17,R,22,R,27,R,32,R,34,R,37,R,42,R,225,R,85,R,315,R,58,R,136,R,126,R
USC00105414,15-Jan,44.08278,-115.61861,1194.8,"LOWMAN, ID US",0,R,0,R,0,R,0,R,0,R,0,R,0,R,0,R,179,R,97,R,0,R,0,R,0,R,0,R,0,R,0,R,0,R,0,R,0,R,0,R,0,R,17,R,22,R,27,R,32,R,34,R,37,R,42,R,226,R,85,R,316,R,58,R,137,R,125,R
USC00105414,16-Jan,44.08278,-115.61861,1194.8,"LOWMAN, ID US",0,R,0,R,0,R,0,R,0,R,0,R,0,R,0,R,180,R,97,R,0,R,0,R,0,R,0,R,0,R,0,R,0,R,0,R,0,R,0,R,0,R,17,R,22,R,27,R,32,R,34,R,37,R,42,R,227,R,85,R,318,R,58,R,137,R,125,R
USC00105414,17-Jan,44.08278,-115.61861,1194.8,"LOWMAN, ID US",0,R,0,R,0,R,0,R,0,R,0,R,0,R,0,R,182,R,97,R,0,R,0,R,0,R,0,R,0,R,0,R,0,R,0,R,0,R,0,R,0,R,17,R,22,R,27,R,32,R,34,R,37,R,42,R,228,R,85,R,319,R,58,R,137,R,125,R
USC00105414,18-Jan,44.08278,-115.61861,1194.8,"LOWMAN, ID US",0,R,0,R,0,R,0,R,0,R,0,R,0,R,0,R,183,R,97,R,0,R,0,R,0,R,0,R,0,R,0,R,0,R,0,R,0,R,0,R,0,R,17,R,22,R,27,R,32,R,34,R,37,R,42,R,229,R,85,R,321,R,59,R,138,R,126,R
USC00105414,19-Jan,44.08278,-115.61861,1194.8,"LOWMAN, ID US",0,R,0,R,0,R,0,R,0,R,0,R,0,R,0,R,185,R,98,R,0,R,0,R,0,R,0,R,0,R,0,R,0,R,0,R,0,R,0,R,0,R,17,R,22,R,27,R,32,R,34,R,37,R,42,R,230,R,85,R,322,R,59,R,138,R,126,R
USC00105414,20-Jan,44.08278,-115.61861,1194.8,"LOWMAN, ID US",0,R,0,R,0,R,0,R,0,R,0,R,0,R,0,R,186,R,98,R,0,R,0,R,0,R,0,R,0,R,0,R,0,R,0,R,0,R,0,R,0,R,17,R,22,R,27,R,32,R,34,R,37,R,42,R,231,R,85,R,324,R,59,R,138,R,126,R
USC00105414,21-Jan,44.08278,-115.61861,1194.8,"LOWMAN, ID US",0,R,0,R,0,R,0,R,0,R,0,R,0,R,0,R,188,R,99,R,0,R,0,R,0,R,0,R,0,R,0,R,0,R,0,R,0,R,0,R,0,R,17,R,22,R,27,R,32,R,34,R,37,R,42,R,232,R,85,R,326,R,60,R,138,R,126,R
USC00105414,22-Jan,44.08278,-115.61861,1194.8,"LOWMAN, ID US",0,R,0,R,0,R,0,R,0,R,0,R,0,R,0,R,190,R,99,R,0,R,0,R,0,R,0,R,0,R,0,R,0,R,0,R,0,R,0,R,0,R,17,R,22,R,27,R,32,R,34,R,37,R,42,R,233,R,85,R,328,R,60,R,138,R,126,R
USC00105414,23-Jan,44.08278,-115.61861,1194.8,"LOWMAN, ID US",0,R,0,R,0,R,0,R,0,R,0,R,0,R,0,R,192,R,99,R,0,R,0,R,0,R,0,R,0,R,0,R,0,R,0,R,0,R,-7777,R,0,R,17,R,22,R,27,R,32,R,34,R,37,R,42,R,234,R,85,R,329,R,60,R,138,R,126,R
USC00105414,24-Jan,44.08278,-115.61861,1194.8,"LOWMAN, ID US",0,R,0,R,0,R,0,R,0,R,0,R,0,R,0,R,194,R,100,R,0,R,0,R,0,R,0,R,0,R,0,R,0,R,0,R,0,R,-7777,R,0,R,17,R,22,R,27,R,32,R,34,R,37,R,42,R,235,R,85,R,331,R,61,R,138,R,126,R
USC00105414,25-Jan,44.08278,-115.61861,1194.8,"LOWMAN, ID US",0,R,0,R,0,R,0,R,0,R,0,R,0,R,0,R,196,R,100,R,0,R,0,R,0,R,0,R,0,R,0,R,0,R,0,R,0,R,-7777,R,0,R,16,R,21,R,26,R,31,R,33,R,36,R,41,R,235,R,85,R,333,R,61,R,138,R,126,R
USC00105414,26-Jan,44.08278,-115.61861,1194.8,"LOWMAN, ID US",0,R,0,R,0,R,0,R,0,R,0,R,0,R,0,R,198,R,101,R,0,R,0,R,0,R,0,R,0,R,0,R,0,R,0,R,0,R,-7777,R,0,R,16,R,21,R,26,R,31,R,33,R,36,R,41,R,236,R,86,R,335,R,62,R,138,R,126,R
USC00105414,27-Jan,44.08278,-115.61861,1194.8,"LOWMAN, ID US",0,R,0,R,0,R,0,R,0,R,0,R,0,R,0,R,200,R,101,R,-7777,R,0,R,0,R,0,R,0,R,0,R,0,R,0,R,0,R,-7777,R,0,R,16,R,21,R,26,R,31,R,33,R,36,R,41,R,237,R,86,R,337,R,62,R,137,R,126,R
USC00105414,28-Jan,44.08278,-115.61861,1194.8,"LOWMAN, ID US",0,R,0,R,0,R,0,R,0,R,0,R,0,R,0,R,202,R,102,R,-7777,R,0,R,0,R,0,R,0,R,0,R,0,R,0,R,0,R,-7777,R,0,R,16,R,21,R,26,R,31,R,33,R,36,R,41,R,238,R,86,R,340,R,62,R,137,R,126,R
USC00105414,29-Jan,44.08278,-115.61861,1194.8,"LOWMAN, ID US",0,R,0,R,0,R,0,R,0,R,0,R,0,R,0,R,205,R,102,R,-7777,R,0,R,0,R,0,R,0,R,0,R,0,R,0,R,0,R,-7777,R,-7777,R,16,R,21,R,26,R,31,R,33,R,36,R,41,R,239,R,85,R,342,R,62,R,137,R,126,R
USC00105414,30-Jan,44.08278,-115.61861,1194.8,"LOWMAN, ID US",0,R,0,R,0,R,0,R,0,R,0,R,0,R,0,R,207,R,103,R,-7777,R,0,R,0,R,0,R,0,R,0,R,0,R,0,R,0,R,-7777,R,-7777,R,16,R,21,R,26,R,31,R,33,R,36,R,41,R,240,R,85,R,344,R,63,R,137,R,126,R
USC00105414,31-Jan,44.08278,-115.61861,1194.8,"LOWMAN, ID US",0,R,0,R,0,R,0,R,0,R,0,R,0,R,0,R,209,R,103,R,-7777,R,0,R,0,R,0,R,0,R,0,R,0,R,0,R,0,R,-7777,R,-7777,R,16,R,21,R,26,R,31,R,33,R,36,R,41,R,242,R,85,R,346,R,63,R,137,R,126,R
USC00105414,1-Feb,44.08278,-115.61861,1194.8,"LOWMAN, ID US",0,R,0,R,0,R,0,R,0,R,0,R,0,R,0,R,212,R,104,R,-7777,R,0,R,0,R,0,R,0,R,0,R,0,R,0,R,0,R,-7777,R,-7777,R,16,R,21,R,26,R,31,R,33,R,36,R,41,R,243,R,85,R,348,R,63,R,137,R,126,R
USC00105414,2-Feb,44.08278,-115.61861,1194.8,"LOWMAN, ID US",0,R,0,R,0,R,0,R,0,R,0,R,0,R,0,R,214,R,104,R,-7777,R,0,R,0,R,0,R,0,R,0,R,0,R,0,R,0,R,-7777,R,-7777,R,16,R,21,R,26,R,31,R,33,R,36,R,41,R,244,R,84,R,351,R,63,R,137,R,125,R
USC00105414,3-Feb,44.08278,-115.61861,1194.8,"LOWMAN, ID US",0,R,0,R,0,R,0,R,0,R,0,R,0,R,0,R,216,R,104,R,-7777,R,0,R,0,R,0,R,0,R,0,R,0,R,0,R,0,R,-7777,R,-7777,R,15,R,20,R,25,R,30,R,32,R,35,R,40,R,245,R,84,R,353,R,63,R,137,R,125,R
USC00105414,4-Feb,44.08278,-115.61861,1194.8,"LOWMAN, ID US",0,R,0,R,0,R,0,R,0,R,0,R,0,R,0,R,218,R,104,R,-7777,R,0,R,0,R,0,R,0,R,0,R,0,R,0,R,0,R,-7777,R,-7777,R,15,R,20,R,25,R,30,R,32,R,35,R,40,R,246,R,84,R,356,R,63,R,137,R,124,R
USC00105414,5-Feb,44.08278,-115.61861,1194.8,"LOWMAN, ID US",0,R,0,R,0,R,0,R,0,R,0,R,0,R,0,R,220,R,104,R,-7777,R,0,R,0,R,0,R,0,R,0,R,0,R,0,R,0,R,-7777,R,-7777,R,15,R,20,R,25,R,30,R,32,R,35,R,40,R,248,R,83,R,358,R,63,R,138,R,123,R
USC00105414,6-Feb,44.08278,-115.61861,1194.8,"LOWMAN, ID US",0,R,0,R,0,R,0,R,0,R,0,R,0,R,0,R,223,R,105,R,-7777,R,0,R,0,R,0,R,0,R,0,R,0,R,0,R,0,R,-7777,R,-7777,R,15,R,20,R,25,R,30,R,32,R,35,R,40,R,249,R,83,R,361,R,64,R,138,R,123,R
USC00105414,7-Feb,44.08278,-115.61861,1194.8,"LOWMAN, ID US",0,R,0,R,0,R,0,R,0,R,0,R,0,R,0,R,225,R,105,R,-7777,R,0,R,0,R,0,R,0,R,0,R,0,R,0,R,0,R,-7777,R,-7777,R,15,R,20,R,25,R,30,R,32,R,35,R,40,R,251,R,82,R,363,R,64,R,139,R,122,R
USC00105414,8-Feb,44.08278,-115.61861,1194.8,"LOWMAN, ID US",0,R,0,R,0,R,0,R,0,R,0,R,0,R,0,R,226,R,105,R,-7777,R,0,R,0,R,0,R,0,R,0,R,0,R,0,R,0,R,-7777,R,-7777,R,15,R,20,R,25,R,30,R,32,R,35,R,40,R,252,R,82,R,366,R,64,R,139,R,121,R
USC00105414,9-Feb,44.08278,-115.61861,1194.8,"LOWMAN, ID US",0,R,0,R,0,R,0,R,0,R,0,R,0,R,0,R,228,R,105,R,-7777,R,0,R,0,R,0,R,0,R,0,R,0,R,0,R,0,R,-7777,R,-7777,R,15,R,20,R,25,R,30,R,32,R,35,R,40,R,254,R,81,R,368,R,65,R,140,R,120,R
USC00105414,10-Feb,44.08278,-115.61861,1194.8,"LOWMAN, ID US",0,R,0,R,0,R,0,R,0,R,0,R,0,R,0,R,230,R,105,R,-7777,R,0,R,0,R,0,R,0,R,0,R,0,R,0,R,0,R,-7777,R,-7777,R,14,R,19,R,24,R,29,R,31,R,34,R,39,R,256,R,80,R,371,R,65,R,141,R,119,R
USC00105414,11-Feb,44.08278,-115.61861,1194.8,"LOWMAN, ID US",0,R,0,R,0,R,0,R,0,R,0,R,0,R,0,R,232,R,105,R,-7777,R,0,R,0,R,0,R,0,R,0,R,0,R,0,R,0,R,-7777,R,-7777,R,14,R,19,R,24,R,29,R,31,R,34,R,39,R,258,R,80,R,374,R,65,R,142,R,118,R
USC00105414,12-Feb,44.08278,-115.61861,1194.8,"LOWMAN, ID US",0,R,0,R,0,R,0,R,0,R,0,R,0,R,0,R,233,R,105,R,-7777,R,0,R,0,R,0,R,0,R,0,R,0,R,0,R,0,R,-7777,R,-7777,R,14,R,19,R,24,R,29,R,31,R,34,R,39,R,260,R,79,R,376,R,66,R,143,R,117,R
USC00105414,13-Feb,44.08278,-115.61861,1194.8,"LOWMAN, ID US",0,R,0,R,0,R,0,R,0,R,0,R,0,R,0,R,234,R,105,R,-7777,R,0,R,0,R,0,R,0,R,0,R,0,R,0,R,0,R,-7777,R,-7777,R,14,R,19,R,24,R,29,R,31,R,34,R,39,R,262,R,78,R,379,R,66,R,145,R,116,R
USC00105414,14-Feb,44.08278,-115.61861,1194.8,"LOWMAN, ID US",0,R,0,R,0,R,0,R,0,R,0,R,0,R,0,R,236,R,105,R,-7777,R,0,R,0,R,0,R,0,R,0,R,0,R,0,R,0,R,-7777,R,-7777,R,14,R,19,R,24,R,29,R,31,R,34,R,39,R,264,R,77,R,382,R,66,R,146,R,114,R
USC00105414,15-Feb,44.08278,-115.61861,1194.8,"LOWMAN, ID US",0,R,0,R,0,R,0,R,0,R,0,R,0,R,0,R,237,R,105,R,-7777,R,0,R,0,R,0,R,0,R,0,R,0,R,0,R,0,R,-7777,R,-7777,R,13,R,18,R,23,R,28,R,30,R,33,R,38,R,266,R,77,R,384,R,66,R,148,R,113,R
USC00105414,16-Feb,44.08278,-115.61861,1194.8,"LOWMAN, ID US",0,R,0,R,0,R,0,R,0,R,0,R,0,R,0,R,238,R,105,R,-7777,R,0,R,0,R,0,R,0,R,0,R,0,R,0,R,0,R,-7777,R,-7777,R,13,R,18,R,23,R,28,R,30,R,33,R,38,R,268,R,76,R,387,R,67,R,150,R,111,R
USC00105414,17-Feb,44.08278,-115.61861,1194.8,"LOWMAN, ID US",0,R,0,R,0,R,0,R,0,R,0,R,0,R,0,R,238,R,104,R,-7777,R,0,R,0,R,0,R,0,R,0,R,0,R,0,R,0,R,-7777,R,-7777,R,13,R,18,R,23,R,28,R,30,R,33,R,38,R,271,R,75,R,390,R,67,R,152,R,110,R
USC00105414,18-Feb,44.08278,-115.61861,1194.8,"LOWMAN, ID US",-7777,R,0,R,0,R,0,R,0,R,0,R,0,R,0,R,239,R,104,R,-7777,R,-7777,R,0,R,0,R,0,R,0,R,0,R,0,R,0,R,-7777,R,-7777,R,13,R,18,R,23,R,28,R,30,R,33,R,38,R,273,R,74,R,393,R,67,R,154,R,108,R
USC00105414,19-Feb,44.08278,-115.61861,1194.8,"LOWMAN, ID US",-7777,R,0,R,0,R,0,R,0,R,0,R,0,R,0,R,240,R,104,R,-7777,R,-7777,R,0,R,0,R,0,R,0,R,0,R,0,R,0,R,-7777,R,-7777,R,12,R,17,R,22,R,27,R,29,R,32,R,37,R,276,R,73,R,396,R,67,R,156,R,106,R
USC00105414,20-Feb,44.08278,-115.61861,1194.8,"LOWMAN, ID US",-7777,R,0,R,0,R,0,R,0,R,0,R,0,R,0,R,240,R,104,R,-7777,R,-7777,R,0,R,0,R,0,R,0,R,0,R,0,R,0,R,-7777,R,-7777,R,12,R,17,R,22,R,27,R,29,R,32,R,37,R,279,R,72,R,399,R,67,R,159,R,105,R
USC00105414,21-Feb,44.08278,-115.61861,1194.8,"LOWMAN, ID US",-7777,R,0,R,0,R,0,R,0,R,0,R,0,R,0,R,240,R,104,R,-7777,R,-7777,R,0,R,0,R,0,R,0,R,0,R,0,R,0,R,-7777,R,-7777,R,12,R,17,R,22,R,27,R,29,R,32,R,37,R,282,R,70,R,402,R,67,R,162,R,103,R
USC00105414,22-Feb,44.08278,-115.61861,1194.8,"LOWMAN, ID US",-7777,R,0,R,0,R,0,R,0,R,0,R,0,R,0,R,240,R,104,R,-7777,R,-7777,R,0,R,0,R,0,R,0,R,0,R,0,R,0,R,-7777,R,-7777,R,12,R,17,R,22,R,27,R,29,R,32,R,37,R,285,R,69,R,405,R,67,R,164,R,101,R
USC00105414,23-Feb,44.08278,-115.61861,1194.8,"LOWMAN, ID US",-7777,R,0,R,0,R,0,R,0,R,0,R,0,R,0,R,240,R,103,R,-7777,R,-7777,R,0,R,0,R,0,R,0,R,0,R,0,R,0,R,-7777,R,-7777,R,11,R,16,R,21,R,26,R,28,R,31,R,36,R,287,R,68,R,408,R,67,R,167,R,99,R
USC00105414,24-Feb,44.08278,-115.61861,1194.8,"LOWMAN, ID US",-7777,R,0,R,0,R,0,R,0,R,0,R,0,R,0,R,240,R,103,R,-7777,R,-7777,R,0,R,0,R,0,R,0,R,0,R,0,R,0,R,-7777,R,-7777,R,11,R,16,R,21,R,26,R,28,R,31,R,36,R,291,R,67,R,411,R,67,R,170,R,98,R
USC00105414,25-Feb,44.08278,-115.61861,1194.8,"LOWMAN, ID US",-7777,R,0,R,0,R,0,R,0,R,0,R,0,R,0,R,240,R,103,R,-7777,R,-7777,R,0,R,0,R,0,R,0,R,0,R,0,R,0,R,-7777,R,-7777,R,11,R,16,R,21,R,26,R,28,R,31,R,36,R,294,R,66,R,414,R,68,R,174,R,96,R
USC00105414,26-Feb,44.08278,-115.61861,1194.8,"LOWMAN, ID US",-7777,R,0,R,0,R,0,R,0,R,0,R,0,R,0,R,240,R,103,R,-7777,R,-7777,R,0,R,0,R,0,R,0,R,0,R,0,R,0,R,-7777,R,-7777,R,10,R,15,R,20,R,25,R,27,R,30,R,35,R,297,R,65,R,417,R,68,R,177,R,94,R
USC00105414,27-Feb,44.08278,-115.61861,1194.8,"LOWMAN, ID US",-7777,R,0,R,0,R,0,R,0,R,0,R,0,R,0,R,239,R,102,R,-7777,R,-7777,R,0,R,0,R,0,R,0,R,0,R,0,R,0,R,1,R,-7777,R,10,R,15,R,20,R,25,R,27,R,30,R,35,R,300,R,63,R,420,R,68,R,180,R,92,R
USC00105414,28-Feb,44.08278,-115.61861,1194.8,"LOWMAN, ID US",-7777,R,0,R,0,R,0,R,0,R,0,R,0,R,0,R,239,R,102,R,-7777,R,-7777,R,0,R,0,R,0,R,0,R,0,R,0,R,0,R,1,R,-7777,R,10,R,15,R,20,R,25,R,27,R,30,R,35,R,303,R,62,R,423,R,68,R,184,R,90,R
USC00105414,Feb-29,44.08278,-115.61861,1194.8,"LOWMAN, ID US",-7777,R,0,R,0,R,0,R,0,R,0,R,0,R,0,R,239,R,102,R,-7777,R,-7777,R,0,R,0,R,0,R,0,R,0,R,0,R,0,R,1,R,-7777,R,10,R,14,R,19,R,24,R,26,R,29,R,34,R,305,R,62,R,425,R,68,R,186,R,89,R
USC00105414,1-Mar,44.08278,-115.61861,1194.8,"LOWMAN, ID US",-7777,R,0,R,0,R,0,R,0,R,0,R,0,R,0,R,239,R,101,R,-7777,R,-7777,R,0,R,0,R,0,R,0,R,0,R,0,R,0,R,1,R,-7777,R,9,R,14,R,19,R,24,R,26,R,29,R,34,R,307,R,61,R,426,R,68,R,188,R,88,R
USC00105414,2-Mar,44.08278,-115.61861,1194.8,"LOWMAN, ID US",-7777,R,0,R,0,R,0,R,0,R,0,R,0,R,0,R,238,R,101,R,-7777,R,-7777,R,0,R,0,R,0,R,0,R,0,R,0,R,0,R,1,R,-7777,R,9,R,14,R,19,R,24,R,26,R,29,R,34,R,310,R,60,R,429,R,69,R,191,R,87,R
USC00105414,3-Mar,44.08278,-115.61861,1194.8,"LOWMAN, ID US",-7777,R,0,R,0,R,0,R,0,R,0,R,0,R,0,R,238,R,101,R,-7777,R,-7777,R,0,R,0,R,0,R,0,R,0,R,0,R,0,R,1,R,-7777,R,9,R,14,R,19,R,24,R,26,R,29,R,34,R,314,R,59,R,432,R,69,R,195,R,85,R
USC00105414,4-Mar,44.08278,-115.61861,1194.8,"LOWMAN, ID US",-7777,R,0,R,0,R,0,R,0,R,0,R,0,R,0,R,237,R,101,R,-7777,R,-7777,R,0,R,0,R,0,R,0,R,0,R,0,R,0,R,1,R,-7777,R,8,R,13,R,18,R,23,R,25,R,28,R,33,R,317,R,59,R,436,R,70,R,199,R,83,R
USC00105414,5-Mar,44.08278,-115.61861,1194.8,"LOWMAN, ID US",-7777,R,0,R,0,R,0,R,0,R,0,R,0,R,0,R,236,R,100,R,-7777,R,-7777,R,0,R,0,R,0,R,0,R,0,R,0,R,0,R,1,R,-7777,R,8,R,13,R,18,R,23,R,25,R,28,R,33,R,321,R,58,R,439,R,70,R,202,R,82,R
USC00105414,6-Mar,44.08278,-115.61861,1194.8,"LOWMAN, ID US",-7777,R,0,R,0,R,0,R,0,R,0,R,0,R,0,R,236,R,100,R,-7777,R,-7777,R,0,R,0,R,0,R,0,R,0,R,0,R,0,R,1,R,-7777,R,8,R,13,R,18,R,23,R,25,R,28,R,33,R,324,R,57,R,442,R,70,R,206,R,80,R
USC00105414,7-Mar,44.08278,-115.61861,1194.8,"LOWMAN, ID US",-7777,R,0,R,0,R,0,R,0,R,0,R,0,R,0,R,235,R,100,R,-7777,R,-7777,R,0,R,0,R,0,R,0,R,0,R,0,R,0,R,1,R,1,R,7,R,12,R,17,R,22,R,24,R,27,R,32,R,328,R,56,R,445,R,71,R,210,R,78,R
USC00105414,8-Mar,44.08278,-115.61861,1194.8,"LOWMAN, ID US",-7777,R,0,R,0,R,0,R,0,R,0,R,0,R,0,R,235,R,99,R,-7777,R,-7777,R,0,R,0,R,0,R,0,R,0,R,0,R,0,R,1,R,1,R,7,R,12,R,17,R,22,R,24,R,27,R,32,R,331,R,55,R,449,R,71,R,214,R,77,R
USC00105414,9-Mar,44.08278,-115.61861,1194.8,"LOWMAN, ID US",-7777,R,0,R,0,R,0,R,0,R,0,R,0,R,0,R,234,R,99,R,-7777,R,-7777,R,0,R,0,R,0,R,0,R,0,R,0,R,0,R,1,R,1,R,7,R,12,R,17,R,22,R,24,R,27,R,32,R,335,R,54,R,452,R,71,R,218,R,75,R
USC00105414,10-Mar,44.08278,-115.61861,1194.8,"LOWMAN, ID US",-7777,R,0,R,0,R,0,R,0,R,0,R,0,R,0,R,234,R,99,R,-7777,R,-7777,R,0,R,0,R,0,R,0,R,0,R,0,R,0,R,1,R,1,R,6,R,11,R,16,R,21,R,23,R,26,R,31,R,338,R,54,R,455,R,71,R,221,R,74,R
USC00105414,11-Mar,44.08278,-115.61861,1194.8,"LOWMAN, ID US",-7777,R,0,R,0,R,0,R,0,R,0,R,0,R,0,R,233,R,99,R,-7777,R,-7777,R,0,R,0,R,0,R,0,R,0,R,0,R,0,R,1,R,1,R,6,R,11,R,16,R,21,R,23,R,26,R,31,R,342,R,53,R,458,R,72,R,225,R,72,R
USC00105414,12-Mar,44.08278,-115.61861,1194.8,"LOWMAN, ID US",-7777,R,0,R,0,R,0,R,0,R,0,R,0,R,0,R,233,R,99,R,-7777,R,-7777,R,0,R,0,R,0,R,0,R,0,R,0,R,0,R,1,R,1,R,6,R,10,R,15,R,20,R,22,R,25,R,30,R,345,R,52,R,462,R,72,R,229,R,71,R
USC00105414,13-Mar,44.08278,-115.61861,1194.8,"LOWMAN, ID US",-7777,R,0,R,0,R,0,R,0,R,0,R,0,R,0,R,233,R,99,R,-7777,R,-7777,R,0,R,0,R,0,R,0,R,0,R,0,R,0,R,1,R,1,R,5,R,10,R,15,R,20,R,22,R,25,R,30,R,349,R,52,R,465,R,73,R,232,R,70,R
USC00105414,14-Mar,44.08278,-115.61861,1194.8,"LOWMAN, ID US",-7777,R,0,R,0,R,0,R,0,R,0,R,0,R,0,R,233,R,99,R,-7777,R,-7777,R,0,R,0,R,0,R,0,R,0,R,0,R,0,R,1,R,1,R,5,R,10,R,15,R,20,R,22,R,25,R,30,R,352,R,51,R,468,R,74,R,235,R,68,R
USC00105414,15-Mar,44.08278,-115.61861,1194.8,"LOWMAN, ID US",-7777,R,0,R,0,R,0,R,0,R,0,R,0,R,0,R,233,R,99,R,-7777,R,-7777,R,0,R,0,R,0,R,0,R,0,R,0,R,0,R,1,R,1,R,5,R,9,R,14,R,19,R,21,R,24,R,29,R,355,R,51,R,472,R,74,R,239,R,67,R
USC00105414,16-Mar,44.08278,-115.61861,1194.8,"LOWMAN, ID US",-7777,R,0,R,0,R,0,R,0,R,0,R,0,R,0,R,233,R,100,R,-7777,R,-7777,R,0,R,0,R,0,R,0,R,0,R,0,R,0,R,1,R,1,R,4,R,9,R,14,R,19,R,21,R,24,R,29,R,358,R,51,R,475,R,75,R,242,R,66,R
USC00105414,17-Mar,44.08278,-115.61861,1194.8,"LOWMAN, ID US",-7777,R,0,R,0,R,0,R,0,R,0,R,0,R,0,R,233,R,100,R,-7777,R,-7777,R,0,R,0,R,0,R,0,R,0,R,0,R,0,R,1,R,1,R,4,R,9,R,14,R,19,R,21,R,24,R,29,R,362,R,50,R,478,R,76,R,245,R,65,R
USC00105414,18-Mar,44.08278,-115.61861,1194.8,"LOWMAN, ID US",-7777,R,0,R,0,R,0,R,0,R,0,R,0,R,0,R,233,R,101,R,-7777,R,-7777,R,0,R,0,R,0,R,0,R,0,R,0,R,0,R,1,R,1,R,4,R,9,R,14,R,19,R,21,R,24,R,29,R,365,R,50,R,482,R,76,R,248,R,64,R
USC00105414,19-Mar,44.08278,-115.61861,1194.8,"LOWMAN, ID US",-7777,R,-7777,R,0,R,0,R,0,R,0,R,0,R,0,R,234,R,101,R,-7777,R,-7777,R,-7777,R,0,R,0,R,0,R,0,R,0,R,0,R,2,R,1,R,4,R,8,R,13,R,18,R,20,R,23,R,28,R,368,R,50,R,485,R,77,R,251,R,63,R
USC00105414,20-Mar,44.08278,-115.61861,1194.8,"LOWMAN, ID US",-7777,R,-7777,R,0,R,0,R,0,R,0,R,0,R,0,R,234,R,102,R,1,R,-7777,R,-7777,R,0,R,0,R,0,R,0,R,0,R,0,R,2,R,1,R,4,R,8,R,13,R,18,R,20,R,23,R,28,R,371,R,50,R,488,R,78,R,254,R,63,R
USC00105414,21-Mar,44.08278,-115.61861,1194.8,"LOWMAN, ID US",-7777,R,-7777,R,0,R,0,R,0,R,0,R,0,R,0,R,235,R,102,R,1,R,-7777,R,-7777,R,0,R,0,R,0,R,0,R,0,R,0,R,2,R,1,R,3,R,8,R,13,R,18,R,20,R,23,R,28,R,374,R,50,R,492,R,79,R,256,R,62,R
USC00105414,22-Mar,44.08278,-115.61861,1194.8,"LOWMAN, ID US",-7777,R,-7777,R,0,R,0,R,0,R,0,R,0,R,0,R,236,R,103,R,1,R,-7777,R,-7777,R,0,R,0,R,0,R,0,R,0,R,0,R,2,R,1,R,3,R,7,R,12,R,17,R,19,R,22,R,27,R,377,R,50,R,495,R,80,R,259,R,61,R
USC00105414,23-Mar,44.08278,-115.61861,1194.8,"LOWMAN, ID US",-7777,R,-7777,R,0,R,0,R,0,R,0,R,0,R,0,R,237,R,103,R,1,R,-7777,R,-7777,R,0,R,0,R,0,R,0,R,0,R,0,R,2,R,1,R,3,R,7,R,12,R,17,R,19,R,22,R,27,R,380,R,50,R,498,R,81,R,261,R,60,R
USC00105414,24-Mar,44.08278,-115.61861,1194.8,"LOWMAN, ID US",-7777,R,-7777,R,0,R,0,R,0,R,0,R,0,R,0,R,238,R,104,R,1,R,-7777,R,-7777,R,0,R,0,R,0,R,0,R,0,R,0,R,2,R,2,R,3,R,7,R,12,R,17,R,19,R,22,R,27,R,382,R,50,R,501,R,82,R,263,R,60,R
USC00105414,25-Mar,44.08278,-115.61861,1194.8,"LOWMAN, ID US",-7777,R,-7777,R,0,R,0,R,0,R,0,R,0,R,0,R,239,R,105,R,1,R,-7777,R,-7777,R,0,R,0,R,0,R,0,R,0,R,0,R,2,R,2,R,3,R,7,R,12,R,16,R,18,R,21,R,26,R,385,R,50,R,505,R,83,R,265,R,59,R
USC00105414,26-Mar,44.08278,-115.61861,1194.8,"LOWMAN, ID US",-7777,R,-7777,R,0,R,0,R,0,R,0,R,0,R,0,R,241,R,105,R,1,R,-7777,R,-7777,R,0,R,0,R,0,R,0,R,0,R,0,R,2,R,2,R,3,R,6,R,11,R,16,R,18,R,21,R,26,R,388,R,51,R,508,R,84,R,267,R,59,R
USC00105414,27-Mar,44.08278,-115.61861,1194.8,"LOWMAN, ID US",-7777,R,-7777,R,0,R,0,R,0,R,0,R,0,R,0,R,242,R,106,R,2,R,-7777,R,-7777,R,0,R,0,R,0,R,0,R,0,R,0,R,3,R,2,R,3,R,6,R,11,R,16,R,18,R,21,R,26,R,390,R,51,R,511,R,85,R,269,R,59,R
USC00105414,28-Mar,44.08278,-115.61861,1194.8,"LOWMAN, ID US",-7777,R,-7777,R,0,R,0,R,0,R,0,R,0,R,0,R,244,R,106,R,2,R,-7777,R,-7777,R,0,R,0,R,0,R,0,R,0,R,0,R,3,R,2,R,2,R,6,R,11,R,16,R,18,R,21,R,26,R,393,R,52,R,515,R,86,R,271,R,58,R
USC00105414,29-Mar,44.08278,-115.61861,1194.8,"LOWMAN, ID US",-7777,R,-7777,R,0,R,0,R,0,R,0,R,0,R,0,R,245,R,107,R,2,R,-7777,R,-7777,R,0,R,0,R,0,R,0,R,0,R,0,R,3,R,2,R,2,R,6,R,11,R,15,R,17,R,20,R,25,R,395,R,52,R,518,R,88,R,273,R,58,R
USC00105414,30-Mar,44.08278,-115.61861,1194.8,"LOWMAN, ID US",1,R,-7777,R,0,R,0,R,0,R,0,R,0,R,0,R,247,R,107,R,2,R,1,R,-7777,R,0,R,0,R,0,R,0,R,0,R,0,R,3,R,2,R,2,R,6,R,10,R,15,R,17,R,20,R,25,R,398,R,53,R,521,R,89,R,274,R,58,R
USC00105414,31-Mar,44.08278,-115.61861,1194.8,"LOWMAN, ID US",1,R,-7777,R,0,R,0,R,0,R,0,R,0,R,0,R,249,R,108,R,2,R,1,R,-7777,R,0,R,0,R,0,R,0,R,0,R,0,R,3,R,3,R,2,R,6,R,10,R,15,R,17,R,20,R,25,R,400,R,53,R,524,R,90,R,275,R,58,R
USC00105414,1-Apr,44.08278,-115.61861,1194.8,"LOWMAN, ID US",1,R,-7777,R,0,R,0,R,0,R,0,R,0,R,0,R,251,R,109,R,2,R,1,R,-7777,R,0,R,0,R,0,R,0,R,0,R,0,R,3,R,3,R,2,R,5,R,10,R,15,R,17,R,20,R,25,R,402,R,54,R,527,R,91,R,277,R,58,R
USC00105414,2-Apr,44.08278,-115.61861,1194.8,"LOWMAN, ID US",1,R,-7777,R,0,R,0,R,0,R,0,R,0,R,0,R,253,R,109,R,3,R,1,R,-7777,R,0,R,0,R,0,R,0,R,0,R,0,R,3,R,3,R,2,R,5,R,10,R,15,R,17,R,20,R,25,R,404,R,54,R,531,R,92,R,278,R,58,R
USC00105414,3-Apr,44.08278,-115.61861,1194.8,"LOWMAN, ID US",1,R,-7777,R,0,R,0,R,0,R,0,R,0,R,0,R,255,R,110,R,3,R,1,R,-7777,R,0,R,0,R,0,R,0,R,0,R,0,R,4,R,3,R,2,R,5,R,9,R,14,R,16,R,19,R,24,R,406,R,55,R,534,R,93,R,279,R,58,R
USC00105414,4-Apr,44.08278,-115.61861,1194.8,"LOWMAN, ID US",1,R,-7777,R,0,R,0,R,0,R,0,R,0,R,0,R,257,R,111,R,3,R,1,R,-7777,R,0,R,0,R,0,R,0,R,0,R,0,R,4,R,3,R,2,R,5,R,9,R,14,R,16,R,19,R,24,R,409,R,56,R,537,R,94,R,280,R,59,R
USC00105414,5-Apr,44.08278,-115.61861,1194.8,"LOWMAN, ID US",1,R,-7777,R,0,R,0,R,0,R,0,R,0,R,0,R,259,R,111,R,3,R,1,R,-7777,R,0,R,0,R,0,R,0,R,0,R,0,R,4,R,3,R,2,R,5,R,9,R,14,R,16,R,19,R,24,R,411,R,56,R,540,R,96,R,281,R,59,R
USC00105414,6-Apr,44.08278,-115.61861,1194.8,"LOWMAN, ID US",1,R,-7777,R,0,R,0,R,0,R,0,R,0,R,0,R,261,R,112,R,3,R,1,R,-7777,R,0,R,0,R,0,R,0,R,0,R,0,R,4,R,3,R,2,R,5,R,9,R,14,R,16,R,19,R,24,R,413,R,57,R,543,R,97,R,282,R,59,R
USC00105414,7-Apr,44.08278,-115.61861,1194.8,"LOWMAN, ID US",1,R,-7777,R,0,R,0,R,0,R,0,R,0,R,0,R,263,R,113,R,3,R,1,R,-7777,R,0,R,0,R,0,R,0,R,0,R,0,R,4,R,3,R,2,R,5,R,9,R,14,R,16,R,19,R,24,R,415,R,57,R,546,R,98,R,283,R,59,R
USC00105414,8-Apr,44.08278,-115.61861,1194.8,"LOWMAN, ID US",1,R,-7777,R,0,R,0,R,0,R,0,R,0,R,0,R,265,R,113,R,3,R,1,R,-7777,R,0,R,0,R,0,R,0,R,0,R,0,R,4,R,3,R,2,R,5,R,8,R,13,R,15,R,18,R,23,R,417,R,58,R,549,R,99,R,284,R,59,R
USC00105414,9-Apr,44.08278,-115.61861,1194.8,"LOWMAN, ID US",1,R,-7777,R,0,R,0,R,0,R,0,R,0,R,0,R,267,R,113,R,4,R,1,R,-7777,R,0,R,0,R,0,R,0,R,0,R,0,R,4,R,4,R,2,R,4,R,8,R,13,R,15,R,18,R,23,R,419,R,58,R,552,R,99,R,285,R,59,R
USC00105414,10-Apr,44.08278,-115.61861,1194.8,"LOWMAN, ID US",1,R,-7777,R,-7777,R,0,R,0,R,0,R,0,R,0,R,269,R,114,R,4,R,1,R,-7777,R,-7777,R,0,R,0,R,0,R,0,R,0,R,4,R,4,R,2,R,4,R,8,R,13,R,15,R,18,R,23,R,421,R,59,R,555,R,100,R,286,R,59,R
USC00105414,11-Apr,44.08278,-115.61861,1194.8,"LOWMAN, ID US",1,R,-7777,R,-7777,R,-7777,R,0,R,0,R,0,R,0,R,271,R,114,R,4,R,1,R,-7777,R,-7777,R,-7777,R,0,R,0,R,0,R,0,R,4,R,4,R,2,R,4,R,8,R,13,R,15,R,18,R,23,R,423,R,59,R,558,R,100,R,287,R,59,R
USC00105414,12-Apr,44.08278,-115.61861,1194.8,"LOWMAN, ID US",1,R,-7777,R,-7777,R,-7777,R,0,R,0,R,0,R,0,R,273,R,114,R,4,R,1,R,-7777,R,-7777,R,-7777,R,0,R,0,R,0,R,0,R,5,R,4,R,1,R,4,R,8,R,13,R,15,R,18,R,23,R,425,R,60,R,561,R,100,R,288,R,60,R
USC00105414,13-Apr,44.08278,-115.61861,1194.8,"LOWMAN, ID US",2,R,-7777,R,-7777,R,-7777,R,0,R,0,R,0,R,0,R,275,R,114,R,4,R,2,R,-7777,R,-7777,R,-7777,R,0,R,0,R,0,R,0,R,5,R,4,R,1,R,4,R,8,R,12,R,14,R,17,R,22,R,427,R,60,R,564,R,101,R,289,R,60,R
USC00105414,14-Apr,44.08278,-115.61861,1194.8,"LOWMAN, ID US",2,R,-7777,R,-7777,R,-7777,R,0,R,0,R,0,R,0,R,277,R,114,R,4,R,2,R,-7777,R,-7777,R,-7777,R,0,R,0,R,0,R,0,R,5,R,4,R,1,R,4,R,7,R,12,R,14,R,17,R,22,R,429,R,60,R,567,R,101,R,290,R,60,R
USC00105414,15-Apr,44.08278,-115.61861,1194.8,"LOWMAN, ID US",2,R,-7777,R,-7777,R,-7777,R,0,R,0,R,0,R,0,R,279,R,114,R,4,R,2,R,-7777,R,-7777,R,-7777,R,0,R,0,R,0,R,0,R,5,R,4,R,1,R,4,R,7,R,12,R,14,R,17,R,22,R,431,R,60,R,570,R,101,R,291,R,60,R
USC00105414,16-Apr,44.08278,-115.61861,1194.8,"LOWMAN, ID US",2,R,-7777,R,-7777,R,-7777,R,0,R,0,R,0,R,0,R,280,R,114,R,4,R,2,R,-7777,R,-7777,R,-7777,R,0,R,0,R,0,R,0,R,5,R,4,R,1,R,3,R,7,R,12,R,14,R,17,R,22,R,433,R,61,R,573,R,102,R,293,R,60,R
USC00105414,17-Apr,44.08278,-115.61861,1194.8,"LOWMAN, ID US",2,R,-7777,R,-7777,R,-7777,R,0,R,0,R,0,R,0,R,282,R,114,R,5,R,2,R,-7777,R,-7777,R,-7777,R,0,R,0,R,0,R,0,R,5,R,4,R,1,R,3,R,7,R,12,R,14,R,17,R,22,R,435,R,61,R,576,R,102,R,294,R,60,R
USC00105414,18-Apr,44.08278,-115.61861,1194.8,"LOWMAN, ID US",2,R,-7777,R,-7777,R,-7777,R,0,R,0,R,0,R,0,R,284,R,114,R,5,R,2,R,-7777,R,-7777,R,-7777,R,0,R,0,R,0,R,0,R,5,R,4,R,1,R,3,R,7,R,11,R,13,R,16,R,21,R,437,R,61,R,579,R,102,R,295,R,60,R
USC00105414,19-Apr,44.08278,-115.61861,1194.8,"LOWMAN, ID US",2,R,1,R,-7777,R,-7777,R,0,R,0,R,0,R,0,R,285,R,114,R,5,R,2,R,1,R,-7777,R,-7777,R,0,R,0,R,0,R,0,R,5,R,5,R,1,R,3,R,7,R,11,R,13,R,16,R,21,R,439,R,62,R,582,R,102,R,297,R,60,R
USC00105414,20-Apr,44.08278,-115.61861,1194.8,"LOWMAN, ID US",2,R,1,R,-7777,R,-7777,R,-7777,R,0,R,0,R,0,R,286,R,114,R,5,R,2,R,1,R,-7777,R,-7777,R,-7777,R,0,R,0,R,0,R,6,R,5,R,1,R,3,R,6,R,11,R,13,R,16,R,21,R,441,R,62,R,585,R,103,R,298,R,60,R
USC00105414,21-Apr,44.08278,-115.61861,1194.8,"LOWMAN, ID US",2,R,1,R,-7777,R,-7777,R,-7777,R,0,R,0,R,0,R,288,R,114,R,5,R,2,R,1,R,-7777,R,-7777,R,-7777,R,0,R,0,R,0,R,6,R,5,R,1,R,3,R,6,R,11,R,13,R,16,R,21,R,444,R,62,R,587,R,103,R,300,R,61,R
USC00105414,22-Apr,44.08278,-115.61861,1194.8,"LOWMAN, ID US",2,R,1,R,-7777,R,-7777,R,-7777,R,0,R,0,R,-7777,R,289,R,113,R,5,R,2,R,1,R,-7777,R,-7777,R,-7777,R,-7777,R,0,R,0,R,6,R,5,R,1,R,3,R,6,R,11,R,12,R,15,R,20,R,446,R,62,R,590,R,103,R,301,R,61,R
USC00105414,23-Apr,44.08278,-115.61861,1194.8,"LOWMAN, ID US",2,R,1,R,-7777,R,-7777,R,-7777,R,0,R,0,R,-7777,R,290,R,113,R,5,R,2,R,1,R,-7777,R,-7777,R,-7777,R,-7777,R,0,R,0,R,6,R,5,R,1,R,3,R,6,R,10,R,12,R,15,R,20,R,448,R,63,R,593,R,103,R,303,R,61,R
USC00105414,24-Apr,44.08278,-115.61861,1194.8,"LOWMAN, ID US",2,R,1,R,-7777,R,-7777,R,-7777,R,0,R,0,R,-7777,R,291,R,113,R,6,R,2,R,1,R,-7777,R,-7777,R,-7777,R,-7777,R,0,R,0,R,6,R,5,R,1,R,2,R,6,R,10,R,12,R,15,R,20,R,450,R,63,R,596,R,103,R,305,R,61,R
USC00105414,25-Apr,44.08278,-115.61861,1194.8,"LOWMAN, ID US",3,R,1,R,-7777,R,-7777,R,-7777,R,0,R,0,R,-7777,R,292,R,113,R,6,R,3,R,1,R,-7777,R,-7777,R,-7777,R,-7777,R,0,R,0,R,6,R,5,R,1,R,2,R,6,R,10,R,12,R,15,R,20,R,453,R,63,R,599,R,104,R,307,R,61,R
USC00105414,26-Apr,44.08278,-115.61861,1194.8,"LOWMAN, ID US",3,R,1,R,-7777,R,-7777,R,-7777,R,0,R,0,R,-7777,R,293,R,113,R,6,R,3,R,1,R,-7777,R,-7777,R,-7777,R,-7777,R,0,R,0,R,6,R,5,R,1,R,2,R,5,R,10,R,12,R,15,R,19,R,455,R,63,R,601,R,104,R,309,R,62,R
USC00105414,27-Apr,44.08278,-115.61861,1194.8,"LOWMAN, ID US",3,R,1,R,-7777,R,-7777,R,-7777,R,0,R,0,R,-7777,R,294,R,113,R,6,R,3,R,1,R,-7777,R,-7777,R,-7777,R,-7777,R,0,R,0,R,6,R,5,R,-7777,R,2,R,5,R,10,R,11,R,14,R,19,R,457,R,64,R,604,R,104,R,311,R,62,R
USC00105414,28-Apr,44.08278,-115.61861,1194.8,"LOWMAN, ID US",3,R,1,R,-7777,R,-7777,R,-7777,R,0,R,0,R,-7777,R,294,R,113,R,6,R,3,R,1,R,-7777,R,-7777,R,-7777,R,-7777,R,0,R,0,R,6,R,6,R,-7777,R,2,R,5,R,9,R,11,R,14,R,19,R,460,R,64,R,607,R,104,R,313,R,62,R
USC00105414,29-Apr,44.08278,-115.61861,1194.8,"LOWMAN, ID US",3,R,1,R,-7777,R,-7777,R,-7777,R,0,R,0,R,-7777,R,295,R,113,R,7,R,3,R,1,R,-7777,R,-7777,R,-7777,R,-7777,R,0,R,0,R,7,R,6,R,-7777,R,2,R,5,R,9,R,11,R,14,R,19,R,462,R,64,R,610,R,104,R,315,R,62,R
USC00105414,30-Apr,44.08278,-115.61861,1194.8,"LOWMAN, ID US",3,R,1,R,-7777,R,-7777,R,-7777,R,0,R,0,R,-7777,R,295,R,113,R,7,R,3,R,1,R,-7777,R,-7777,R,-7777,R,-7777,R,0,R,0,R,7,R,6,R,-7777,R,2,R,5,R,9,R,11,R,14,R,19,R,465,R,64,R,612,R,104,R,317,R,62,R
USC00105414,1-May,44.08278,-115.61861,1194.8,"LOWMAN, ID US",3,R,1,R,-7777,R,-7777,R,-7777,R,0,R,0,R,-7777,R,296,R,113,R,7,R,3,R,1,R,-7777,R,-7777,R,-7777,R,-7777,R,0,R,0,R,7,R,6,R,-7777,R,2,R,5,R,9,R,10,R,13,R,18,R,467,R,64,R,615,R,104,R,320,R,62,R
USC00105414,2-May,44.08278,-115.61861,1194.8,"LOWMAN, ID US",4,R,2,R,1,R,-7777,R,-7777,R,0,R,0,R,-7777,R,296,R,113,R,7,R,4,R,2,R,1,R,-7777,R,-7777,R,-7777,R,0,R,0,R,7,R,6,R,-7777,R,2,R,5,R,9,R,10,R,13,R,18,R,470,R,64,R,618,R,104,R,322,R,62,R
USC00105414,3-May,44.08278,-115.61861,1194.8,"LOWMAN, ID US",4,R,2,R,1,R,-7777,R,-7777,R,0,R,0,R,-7777,R,296,R,112,R,8,R,4,R,2,R,1,R,-7777,R,-7777,R,-7777,R,0,R,0,R,7,R,6,R,-7777,R,2,R,4,R,8,R,10,R,13,R,18,R,473,R,64,R,621,R,104,R,324,R,62,R
USC00105414,4-May,44.08278,-115.61861,1194.8,"LOWMAN, ID US",4,R,2,R,1,R,-7777,R,-7777,R,0,R,0,R,-7777,R,297,R,112,R,8,R,4,R,2,R,1,R,-7777,R,-7777,R,-7777,R,0,R,0,R,7,R,6,R,-7777,R,1,R,4,R,8,R,10,R,13,R,17,R,475,R,64,R,623,R,103,R,327,R,62,R
USC00105414,5-May,44.08278,-115.61861,1194.8,"LOWMAN, ID US",4,R,2,R,1,R,-7777,R,-7777,R,0,R,0,R,-7777,R,297,R,112,R,8,R,4,R,2,R,1,R,-7777,R,-7777,R,-7777,R,0,R,0,R,7,R,6,R,-7777,R,1,R,4,R,8,R,10,R,12,R,17,R,478,R,64,R,626,R,103,R,329,R,62,R
USC00105414,6-May,44.08278,-115.61861,1194.8,"LOWMAN, ID US",4,R,2,R,1,R,-7777,R,-7777,R,0,R,0,R,-7777,R,297,R,112,R,8,R,4,R,2,R,1,R,-7777,R,-7777,R,-7777,R,0,R,0,R,8,R,7,R,-7777,R,1,R,4,R,8,R,9,R,12,R,17,R,480,R,64,R,629,R,103,R,332,R,62,R
USC00105414,7-May,44.08278,-115.61861,1194.8,"LOWMAN, ID US",5,R,2,R,1,R,-7777,R,-7777,R,0,R,0,R,-7777,R,297,R,111,R,8,R,5,R,2,R,1,R,-7777,R,-7777,R,-7777,R,0,R,0,R,8,R,7,R,-7777,R,1,R,4,R,7,R,9,R,12,R,17,R,483,R,64,R,632,R,103,R,334,R,62,R
USC00105414,8-May,44.08278,-115.61861,1194.8,"LOWMAN, ID US",5,R,2,R,1,R,-7777,R,-7777,R,0,R,0,R,-7777,R,297,R,111,R,9,R,5,R,2,R,1,R,-7777,R,-7777,R,-7777,R,0,R,0,R,8,R,7,R,-7777,R,1,R,4,R,7,R,9,R,12,R,16,R,486,R,64,R,634,R,103,R,337,R,62,R
USC00105414,9-May,44.08278,-115.61861,1194.8,"LOWMAN, ID US",5,R,2,R,1,R,-7777,R,-7777,R,0,R,0,R,-7777,R,297,R,111,R,9,R,5,R,2,R,1,R,-7777,R,-7777,R,-7777,R,0,R,0,R,8,R,7,R,-7777,R,1,R,3,R,7,R,9,R,11,R,16,R,488,R,64,R,637,R,103,R,339,R,61,R
USC00105414,10-May,44.08278,-115.61861,1194.8,"LOWMAN, ID US",5,R,2,R,1,R,-7777,R,-7777,R,0,R,0,R,-7777,R,298,R,111,R,9,R,5,R,2,R,1,R,-7777,R,-7777,R,-7777,R,0,R,0,R,8,R,7,R,-7777,R,1,R,3,R,7,R,8,R,11,R,16,R,491,R,64,R,640,R,103,R,342,R,61,R
USC00105414,11-May,44.08278,-115.61861,1194.8,"LOWMAN, ID US",5,R,3,R,1,R,-7777,R,-7777,R,0,R,0,R,-7777,R,298,R,111,R,9,R,5,R,3,R,1,R,-7777,R,-7777,R,-7777,R,0,R,0,R,8,R,7,R,-7777,R,1,R,3,R,7,R,8,R,11,R,16,R,493,R,64,R,642,R,103,R,345,R,61,R
USC00105414,12-May,44.08278,-115.61861,1194.8,"LOWMAN, ID US",6,R,3,R,1,R,1,R,-7777,R,0,R,0,R,-7777,R,298,R,111,R,10,R,6,R,3,R,1,R,1,R,-7777,R,-7777,R,0,R,0,R,8,R,7,R,-7777,R,1,R,3,R,6,R,8,R,11,R,15,R,496,R,64,R,645,R,103,R,347,R,61,R
USC00105414,13-May,44.08278,-115.61861,1194.8,"LOWMAN, ID US",6,R,3,R,1,R,1,R,-7777,R,0,R,0,R,-7777,R,298,R,111,R,10,R,6,R,3,R,1,R,1,R,-7777,R,-7777,R,0,R,0,R,8,R,7,R,-7777,R,1,R,3,R,6,R,8,R,10,R,15,R,499,R,63,R,648,R,103,R,350,R,61,R
USC00105414,14-May,44.08278,-115.61861,1194.8,"LOWMAN, ID US",6,R,3,R,1,R,1,R,-7777,R,0,R,0,R,-7777,R,298,R,111,R,10,R,6,R,3,R,1,R,1,R,-7777,R,-7777,R,0,R,0,R,9,R,8,R,-7777,R,1,R,3,R,6,R,7,R,10,R,15,R,501,R,63,R,650,R,102,R,352,R,61,R
USC00105414,15-May,44.08278,-115.61861,1194.8,"LOWMAN, ID US",6,R,3,R,1,R,1,R,-7777,R,0,R,0,R,-7777,R,299,R,110,R,10,R,6,R,3,R,1,R,1,R,-7777,R,-7777,R,0,R,0,R,9,R,8,R,-7777,R,1,R,2,R,6,R,7,R,10,R,15,R,504,R,63,R,653,R,102,R,354,R,60,R
USC00105414,16-May,44.08278,-115.61861,1194.8,"LOWMAN, ID US",6,R,3,R,1,R,1,R,-7777,R,0,R,0,R,-7777,R,299,R,110,R,11,R,6,R,3,R,1,R,1,R,-7777,R,-7777,R,0,R,0,R,9,R,8,R,-7777,R,1,R,2,R,5,R,7,R,10,R,14,R,506,R,63,R,656,R,102,R,357,R,60,R
USC00105414,17-May,44.08278,-115.61861,1194.8,"LOWMAN, ID US",6,R,3,R,1,R,1,R,-7777,R,0,R,0,R,-7777,R,299,R,110,R,11,R,6,R,3,R,1,R,1,R,-7777,R,-7777,R,0,R,0,R,9,R,8,R,-7777,R,1,R,2,R,5,R,7,R,9,R,14,R,509,R,63,R,658,R,102,R,359,R,60,R
USC00105414,18-May,44.08278,-115.61861,1194.8,"LOWMAN, ID US",7,R,3,R,1,R,1,R,-7777,R,0,R,0,R,-7777,R,300,R,110,R,11,R,7,R,3,R,1,R,1,R,-7777,R,-7777,R,0,R,0,R,9,R,8,R,-7777,R,-7777,R,2,R,5,R,6,R,9,R,14,R,511,R,63,R,661,R,102,R,361,R,60,R
USC00105414,19-May,44.08278,-115.61861,1194.8,"LOWMAN, ID US",7,R,3,R,1,R,1,R,-7777,R,0,R,0,R,-7777,R,300,R,110,R,11,R,7,R,3,R,1,R,1,R,-7777,R,-7777,R,0,R,0,R,9,R,8,R,-7777,R,-7777,R,2,R,5,R,6,R,9,R,14,R,514,R,63,R,664,R,102,R,364,R,60,R
USC00105414,20-May,44.08278,-115.61861,1194.8,"LOWMAN, ID US",7,R,3,R,1,R,1,R,-7777,R,0,R,0,R,-7777,R,301,R,110,R,12,R,7,R,3,R,1,R,1,R,-7777,R,-7777,R,0,R,0,R,9,R,8,R,-7777,R,-7777,R,2,R,5,R,6,R,9,R,13,R,516,R,62,R,667,R,102,R,366,R,59,R
USC00105414,21-May,44.08278,-115.61861,1194.8,"LOWMAN, ID US",7,R,4,R,1,R,1,R,-7777,R,0,R,0,R,-7777,R,302,R,110,R,12,R,7,R,4,R,1,R,1,R,-7777,R,-7777,R,0,R,0,R,9,R,9,R,-7777,R,-7777,R,2,R,4,R,6,R,8,R,13,R,519,R,62,R,669,R,101,R,368,R,59,R
USC00105414,22-May,44.08278,-115.61861,1194.8,"LOWMAN, ID US",7,R,4,R,1,R,1,R,-7777,R,0,R,0,R,-7777,R,302,R,109,R,12,R,7,R,4,R,1,R,1,R,-7777,R,-7777,R,0,R,0,R,10,R,9,R,-7777,R,-7777,R,2,R,4,R,6,R,8,R,13,R,521,R,62,R,672,R,101,R,370,R,59,R
USC00105414,23-May,44.08278,-115.61861,1194.8,"LOWMAN, ID US",8,R,4,R,1,R,1,R,-7777,R,0,R,0,R,-7777,R,303,R,109,R,12,R,8,R,4,R,1,R,1,R,-7777,R,-7777,R,0,R,0,R,10,R,9,R,-7777,R,-7777,R,1,R,4,R,5,R,8,R,13,R,523,R,62,R,675,R,101,R,372,R,58,R
USC00105414,24-May,44.08278,-115.61861,1194.8,"LOWMAN, ID US",8,R,4,R,1,R,1,R,-7777,R,0,R,0,R,-7777,R,304,R,109,R,13,R,8,R,4,R,1,R,1,R,-7777,R,-7777,R,0,R,0,R,10,R,9,R,-7777,R,-7777,R,1,R,4,R,5,R,8,R,12,R,526,R,62,R,678,R,101,R,374,R,58,R
USC00105414,25-May,44.08278,-115.61861,1194.8,"LOWMAN, ID US",8,R,4,R,2,R,1,R,-7777,R,0,R,0,R,-7777,R,305,R,109,R,13,R,8,R,4,R,2,R,1,R,-7777,R,-7777,R,0,R,0,R,10,R,9,R,-7777,R,-7777,R,1,R,4,R,5,R,8,R,12,R,528,R,61,R,680,R,101,R,375,R,58,R
USC00105414,26-May,44.08278,-115.61861,1194.8,"LOWMAN, ID US",8,R,4,R,2,R,1,R,-7777,R,0,R,0,R,-7777,R,306,R,109,R,13,R,8,R,4,R,2,R,1,R,-7777,R,-7777,R,0,R,0,R,10,R,9,R,-7777,R,-7777,R,1,R,4,R,5,R,7,R,12,R,530,R,61,R,683,R,100,R,377,R,58,R
USC00105414,27-May,44.08278,-115.61861,1194.8,"LOWMAN, ID US",8,R,4,R,2,R,1,R,-7777,R,0,R,0,R,-7777,R,307,R,109,R,13,R,8,R,4,R,2,R,1,R,-7777,R,-7777,R,0,R,0,R,10,R,9,R,-7777,R,-7777,R,1,R,3,R,5,R,7,R,12,R,532,R,61,R,686,R,100,R,379,R,57,R
USC00105414,28-May,44.08278,-115.61861,1194.8,"LOWMAN, ID US",9,R,5,R,2,R,1,R,-7777,R,0,R,0,R,-7777,R,309,R,109,R,13,R,9,R,5,R,2,R,1,R,-7777,R,-7777,R,0,R,0,R,10,R,9,R,-7777,R,-7777,R,1,R,3,R,5,R,7,R,12,R,535,R,61,R,689,R,100,R,380,R,57,R
USC00105414,29-May,44.08278,-115.61861,1194.8,"LOWMAN, ID US",9,R,5,R,2,R,1,R,-7777,R,0,R,0,R,-7777,R,310,R,109,R,14,R,9,R,5,R,2,R,1,R,-7777,R,-7777,R,0,R,0,R,11,R,10,R,0,R,-7777,R,1,R,3,R,4,R,7,R,11,R,537,R,60,R,692,R,100,R,382,R,57,R
USC00105414,30-May,44.08278,-115.61861,1194.8,"LOWMAN, ID US",9,R,5,R,2,R,1,R,-7777,R,0,R,0,R,-7777,R,311,R,109,R,14,R,9,R,5,R,2,R,1,R,-7777,R,-7777,R,0,R,0,R,11,R,10,R,0,R,-7777,R,1,R,3,R,4,R,7,R,11,R,539,R,60,R,695,R,100,R,383,R,57,R
USC00105414,31-May,44.08278,-115.61861,1194.8,"LOWMAN, ID US",9,R,5,R,2,R,1,R,-7777,R,0,R,0,R,-7777,R,313,R,108,R,14,R,9,R,5,R,2,R,1,R,-7777,R,-7777,R,0,R,0,R,11,R,10,R,0,R,-7777,R,1,R,3,R,4,R,6,R,11,R,541,R,60,R,698,R,100,R,385,R,57,R
USC00105414,1-Jun,44.08278,-115.61861,1194.8,"LOWMAN, ID US",9,R,5,R,2,R,1,R,1,R,0,R,0,R,-7777,R,315,R,108,R,14,R,9,R,5,R,2,R,1,R,1,R,-7777,R,0,R,0,R,11,R,10,R,0,R,-7777,R,1,R,3,R,4,R,6,R,11,R,543,R,61,R,701,R,100,R,386,R,57,R
USC00105414,2-Jun,44.08278,-115.61861,1194.8,"LOWMAN, ID US",10,R,5,R,2,R,1,R,1,R,0,R,0,R,-7777,R,316,R,108,R,15,R,10,R,5,R,2,R,1,R,1,R,-7777,R,0,R,0,R,11,R,10,R,0,R,-7777,R,1,R,3,R,4,R,6,R,10,R,546,R,61,R,704,R,100,R,387,R,57,R
USC00105414,3-Jun,44.08278,-115.61861,1194.8,"LOWMAN, ID US",10,R,6,R,2,R,2,R,1,R,0,R,0,R,-7777,R,318,R,107,R,15,R,10,R,6,R,2,R,2,R,1,R,-7777,R,0,R,0,R,11,R,10,R,0,R,-7777,R,1,R,3,R,4,R,6,R,10,R,548,R,61,R,707,R,99,R,389,R,57,R
USC00105414,4-Jun,44.08278,-115.61861,1194.8,"LOWMAN, ID US",10,R,6,R,3,R,2,R,1,R,0,R,0,R,-7777,R,320,R,107,R,15,R,10,R,6,R,3,R,2,R,1,R,-7777,R,0,R,0,R,11,R,10,R,0,R,-7777,R,1,R,3,R,4,R,6,R,10,R,550,R,61,R,710,R,99,R,390,R,57,R
USC00105414,5-Jun,44.08278,-115.61861,1194.8,"LOWMAN, ID US",10,R,6,R,3,R,2,R,1,R,0,R,0,R,-7777,R,322,R,106,R,15,R,10,R,6,R,3,R,2,R,1,R,-7777,R,0,R,0,R,12,R,11,R,0,R,-7777,R,1,R,2,R,3,R,5,R,10,R,552,R,61,R,713,R,99,R,391,R,58,R
USC00105414,6-Jun,44.08278,-115.61861,1194.8,"LOWMAN, ID US",10,R,6,R,3,R,2,R,1,R,0,R,0,R,-7777,R,324,R,106,R,15,R,10,R,6,R,3,R,2,R,1,R,-7777,R,0,R,0,R,12,R,11,R,0,R,-7777,R,1,R,2,R,3,R,5,R,10,R,554,R,61,R,716,R,99,R,392,R,58,R
USC00105414,7-Jun,44.08278,-115.61861,1194.8,"LOWMAN, ID US",11,R,6,R,3,R,2,R,1,R,0,R,0,R,-7777,R,326,R,105,R,16,R,11,R,6,R,3,R,2,R,1,R,-7777,R,0,R,0,R,12,R,11,R,0,R,-7777,R,1,R,2,R,3,R,5,R,9,R,556,R,61,R,719,R,98,R,394,R,58,R
USC00105414,8-Jun,44.08278,-115.61861,1194.8,"LOWMAN, ID US",11,R,6,R,3,R,2,R,1,R,0,R,0,R,-7777,R,328,R,105,R,16,R,11,R,6,R,3,R,2,R,1,R,-7777,R,0,R,0,R,12,R,11,R,0,R,-7777,R,1,R,2,R,3,R,5,R,9,R,559,R,61,R,723,R,98,R,395,R,59,R
USC00105414,9-Jun,44.08278,-115.61861,1194.8,"LOWMAN, ID US",11,R,7,R,3,R,2,R,1,R,0,R,0,R,-7777,R,330,R,104,R,16,R,11,R,7,R,3,R,2,R,1,R,-7777,R,0,R,0,R,12,R,11,R,-7777,R,-7777,R,1,R,2,R,3,R,5,R,9,R,561,R,61,R,726,R,98,R,396,R,59,R
USC00105414,10-Jun,44.08278,-115.61861,1194.8,"LOWMAN, ID US",11,R,7,R,3,R,2,R,1,R,0,R,0,R,-7777,R,332,R,104,R,16,R,11,R,7,R,3,R,2,R,1,R,-7777,R,0,R,0,R,12,R,11,R,-7777,R,-7777,R,-7777,R,2,R,3,R,5,R,9,R,563,R,61,R,729,R,97,R,397,R,59,R
USC00105414,11-Jun,44.08278,-115.61861,1194.8,"LOWMAN, ID US",12,R,7,R,3,R,2,R,1,R,0,R,0,R,-7777,R,335,R,104,R,17,R,12,R,7,R,3,R,2,R,1,R,-7777,R,0,R,0,R,13,R,12,R,-7777,R,-7777,R,-7777,R,2,R,3,R,4,R,9,R,565,R,61,R,733,R,97,R,398,R,59,R
USC00105414,12-Jun,44.08278,-115.61861,1194.8,"LOWMAN, ID US",12,R,7,R,4,R,2,R,1,R,0,R,0,R,-7777,R,337,R,103,R,17,R,12,R,7,R,4,R,2,R,1,R,-7777,R,0,R,0,R,13,R,12,R,-7777,R,-7777,R,-7777,R,2,R,3,R,4,R,8,R,568,R,61,R,736,R,96,R,399,R,60,R
USC00105414,13-Jun,44.08278,-115.61861,1194.8,"LOWMAN, ID US",12,R,7,R,4,R,3,R,1,R,-7777,R,0,R,-7777,R,339,R,103,R,17,R,12,R,7,R,4,R,3,R,1,R,-7777,R,-7777,R,0,R,13,R,12,R,-7777,R,-7777,R,-7777,R,2,R,3,R,4,R,8,R,570,R,61,R,740,R,96,R,400,R,60,R
USC00105414,14-Jun,44.08278,-115.61861,1194.8,"LOWMAN, ID US",12,R,8,R,4,R,3,R,1,R,-7777,R,-7777,R,-7777,R,342,R,103,R,17,R,12,R,8,R,4,R,3,R,1,R,-7777,R,-7777,R,-7777,R,13,R,12,R,-7777,R,-7777,R,-7777,R,2,R,2,R,4,R,8,R,572,R,60,R,743,R,96,R,402,R,60,R
USC00105414,15-Jun,44.08278,-115.61861,1194.8,"LOWMAN, ID US",13,R,8,R,4,R,3,R,1,R,-7777,R,-7777,R,-7777,R,344,R,102,R,18,R,13,R,8,R,4,R,3,R,1,R,-7777,R,-7777,R,-7777,R,13,R,12,R,-7777,R,-7777,R,-7777,R,2,R,2,R,4,R,8,R,575,R,60,R,747,R,95,R,403,R,60,R
USC00105414,16-Jun,44.08278,-115.61861,1194.8,"LOWMAN, ID US",13,R,8,R,4,R,3,R,2,R,-7777,R,-7777,R,-7777,R,346,R,102,R,18,R,13,R,8,R,4,R,3,R,2,R,-7777,R,-7777,R,-7777,R,13,R,12,R,-7777,R,-7777,R,-7777,R,1,R,2,R,4,R,8,R,577,R,60,R,750,R,95,R,404,R,60,R
USC00105414,17-Jun,44.08278,-115.61861,1194.8,"LOWMAN, ID US",13,R,8,R,4,R,3,R,2,R,-7777,R,-7777,R,-7777,R,349,R,101,R,18,R,13,R,8,R,4,R,3,R,2,R,-7777,R,-7777,R,-7777,R,14,R,12,R,-7777,R,-7777,R,-7777,R,1,R,2,R,4,R,7,R,580,R,60,R,754,R,94,R,405,R,60,R
USC00105414,18-Jun,44.08278,-115.61861,1194.8,"LOWMAN, ID US",13,R,8,R,4,R,3,R,2,R,-7777,R,-7777,R,-7777,R,351,R,101,R,18,R,13,R,8,R,4,R,3,R,2,R,-7777,R,-7777,R,-7777,R,14,R,13,R,-7777,R,-7777,R,-7777,R,1,R,2,R,3,R,7,R,582,R,60,R,758,R,94,R,406,R,61,R
USC00105414,19-Jun,44.08278,-115.61861,1194.8,"LOWMAN, ID US",13,R,9,R,5,R,3,R,2,R,-7777,R,-7777,R,-7777,R,354,R,101,R,18,R,13,R,9,R,5,R,3,R,2,R,-7777,R,-7777,R,-7777,R,14,R,13,R,-7777,R,-7777,R,-7777,R,1,R,2,R,3,R,7,R,585,R,59,R,761,R,93,R,408,R,61,R
USC00105414,20-Jun,44.08278,-115.61861,1194.8,"LOWMAN, ID US",14,R,9,R,5,R,3,R,2,R,-7777,R,-7777,R,-7777,R,356,R,101,R,19,R,14,R,9,R,5,R,3,R,2,R,-7777,R,-7777,R,-7777,R,14,R,13,R,-7777,R,-7777,R,-7777,R,1,R,2,R,3,R,7,R,587,R,59,R,765,R,93,R,409,R,61,R
USC00105414,21-Jun,44.08278,-115.61861,1194.8,"LOWMAN, ID US",14,R,9,R,5,R,4,R,2,R,-7777,R,-7777,R,1,R,359,R,100,R,19,R,14,R,9,R,5,R,4,R,2,R,1,R,-7777,R,-7777,R,14,R,13,R,-7777,R,-7777,R,-7777,R,1,R,2,R,3,R,7,R,590,R,59,R,769,R,92,R,410,R,61,R
USC00105414,22-Jun,44.08278,-115.61861,1194.8,"LOWMAN, ID US",14,R,9,R,5,R,4,R,2,R,-7777,R,-7777,R,1,R,361,R,100,R,19,R,14,R,9,R,5,R,4,R,2,R,1,R,-7777,R,-7777,R,14,R,13,R,-7777,R,-7777,R,-7777,R,1,R,2,R,3,R,6,R,592,R,59,R,773,R,91,R,412,R,61,R
USC00105414,23-Jun,44.08278,-115.61861,1194.8,"LOWMAN, ID US",15,R,10,R,5,R,4,R,2,R,-7777,R,-7777,R,1,R,364,R,99,R,20,R,15,R,10,R,5,R,4,R,2,R,1,R,-7777,R,-7777,R,15,R,14,R,-7777,R,-7777,R,-7777,R,1,R,1,R,3,R,6,R,595,R,58,R,777,R,91,R,413,R,61,R
USC00105414,24-Jun,44.08278,-115.61861,1194.8,"LOWMAN, ID US",15,R,10,R,5,R,4,R,2,R,-7777,R,-7777,R,1,R,366,R,99,R,20,R,15,R,10,R,5,R,4,R,2,R,1,R,-7777,R,-7777,R,15,R,14,R,-7777,R,-7777,R,-7777,R,1,R,1,R,2,R,6,R,598,R,58,R,781,R,90,R,415,R,61,R
USC00105414,25-Jun,44.08278,-115.61861,1194.8,"LOWMAN, ID US",15,R,10,R,6,R,4,R,2,R,-7777,R,-7777,R,1,R,369,R,98,R,20,R,15,R,10,R,6,R,4,R,2,R,1,R,-7777,R,-7777,R,15,R,14,R,-7777,R,-7777,R,-7777,R,1,R,1,R,2,R,6,R,600,R,58,R,785,R,89,R,416,R,61,R
USC00105414,26-Jun,44.08278,-115.61861,1194.8,"LOWMAN, ID US",15,R,10,R,6,R,4,R,3,R,-7777,R,-7777,R,1,R,371,R,98,R,20,R,15,R,10,R,6,R,4,R,3,R,1,R,-7777,R,-7777,R,15,R,14,R,-7777,R,-7777,R,-7777,R,1,R,1,R,2,R,5,R,603,R,57,R,788,R,89,R,417,R,61,R
USC00105414,27-Jun,44.08278,-115.61861,1194.8,"LOWMAN, ID US",16,R,11,R,6,R,5,R,3,R,-7777,R,-7777,R,1,R,374,R,97,R,21,R,16,R,11,R,6,R,5,R,3,R,1,R,-7777,R,-7777,R,15,R,14,R,-7777,R,-7777,R,-7777,R,1,R,1,R,2,R,5,R,606,R,57,R,792,R,88,R,419,R,61,R
USC00105414,28-Jun,44.08278,-115.61861,1194.8,"LOWMAN, ID US",16,R,11,R,6,R,5,R,3,R,-7777,R,-7777,R,1,R,376,R,96,R,21,R,16,R,11,R,6,R,5,R,3,R,1,R,-7777,R,-7777,R,15,R,14,R,0,R,0,R,-7777,R,-7777,R,1,R,2,R,5,R,608,R,57,R,796,R,87,R,420,R,61,R
USC00105414,29-Jun,44.08278,-115.61861,1194.8,"LOWMAN, ID US",16,R,11,R,7,R,5,R,3,R,-7777,R,-7777,R,1,R,378,R,96,R,21,R,16,R,11,R,7,R,5,R,3,R,1,R,-7777,R,-7777,R,16,R,15,R,0,R,0,R,-7777,R,-7777,R,1,R,2,R,5,R,611,R,56,R,800,R,86,R,422,R,61,R
USC00105414,30-Jun,44.08278,-115.61861,1194.8,"LOWMAN, ID US",16,R,11,R,7,R,5,R,3,R,-7777,R,-7777,R,1,R,381,R,95,R,21,R,16,R,11,R,7,R,5,R,3,R,1,R,-7777,R,-7777,R,16,R,15,R,0,R,0,R,-7777,R,-7777,R,1,R,2,R,4,R,614,R,56,R,804,R,85,R,423,R,61,R
USC00105414,1-Jul,44.08278,-115.61861,1194.8,"LOWMAN, ID US",17,R,12,R,7,R,5,R,3,R,-7777,R,-7777,R,1,R,383,R,95,R,22,R,17,R,12,R,7,R,5,R,3,R,1,R,-7777,R,-7777,R,16,R,15,R,0,R,0,R,-7777,R,-7777,R,1,R,2,R,4,R,616,R,55,R,808,R,85,R,425,R,61,R
USC00105414,2-Jul,44.08278,-115.61861,1194.8,"LOWMAN, ID US",17,R,12,R,7,R,6,R,3,R,-7777,R,-7777,R,1,R,386,R,94,R,22,R,17,R,12,R,7,R,6,R,3,R,1,R,-7777,R,-7777,R,16,R,15,R,0,R,0,R,-7777,R,-7777,R,1,R,1,R,4,R,619,R,55,R,812,R,84,R,426,R,60,R
USC00105414,3-Jul,44.08278,-115.61861,1194.8,"LOWMAN, ID US",17,R,12,R,7,R,6,R,3,R,-7777,R,-7777,R,1,R,388,R,94,R,22,R,17,R,12,R,7,R,6,R,3,R,1,R,-7777,R,-7777,R,16,R,15,R,0,R,0,R,-7777,R,-7777,R,1,R,1,R,4,R,622,R,54,R,816,R,83,R,428,R,60,R
USC00105414,4-Jul,44.08278,-115.61861,1194.8,"LOWMAN, ID US",17,R,12,R,8,R,6,R,4,R,-7777,R,-7777,R,1,R,390,R,94,R,22,R,17,R,12,R,8,R,6,R,4,R,1,R,-7777,R,-7777,R,16,R,15,R,0,R,0,R,-7777,R,-7777,R,-7777,R,1,R,4,R,624,R,54,R,819,R,82,R,429,R,60,R
USC00105414,5-Jul,44.08278,-115.61861,1194.8,"LOWMAN, ID US",18,R,13,R,8,R,6,R,4,R,-7777,R,-7777,R,1,R,393,R,93,R,23,R,18,R,13,R,8,R,6,R,4,R,1,R,-7777,R,-7777,R,17,R,15,R,0,R,0,R,-7777,R,-7777,R,-7777,R,1,R,3,R,627,R,53,R,823,R,81,R,431,R,60,R
USC00105414,6-Jul,44.08278,-115.61861,1194.8,"LOWMAN, ID US",18,R,13,R,8,R,6,R,4,R,-7777,R,-7777,R,1,R,395,R,93,R,23,R,18,R,13,R,8,R,6,R,4,R,1,R,-7777,R,-7777,R,17,R,16,R,0,R,0,R,-7777,R,-7777,R,-7777,R,1,R,3,R,629,R,53,R,827,R,81,R,432,R,59,R
USC00105414,7-Jul,44.08278,-115.61861,1194.8,"LOWMAN, ID US",18,R,13,R,8,R,6,R,4,R,-7777,R,-7777,R,1,R,397,R,93,R,23,R,18,R,13,R,8,R,6,R,4,R,1,R,-7777,R,-7777,R,17,R,16,R,0,R,0,R,-7777,R,-7777,R,-7777,R,1,R,3,R,632,R,52,R,830,R,80,R,433,R,59,R
USC00105414,8-Jul,44.08278,-115.61861,1194.8,"LOWMAN, ID US",18,R,13,R,9,R,7,R,4,R,-7777,R,-7777,R,1,R,399,R,93,R,23,R,18,R,13,R,9,R,7,R,4,R,1,R,-7777,R,-7777,R,17,R,16,R,0,R,0,R,-7777,R,-7777,R,-7777,R,1,R,3,R,634,R,52,R,834,R,79,R,435,R,59,R
USC00105414,9-Jul,44.08278,-115.61861,1194.8,"LOWMAN, ID US",19,R,14,R,9,R,7,R,4,R,-7777,R,-7777,R,1,R,402,R,92,R,24,R,19,R,14,R,9,R,7,R,4,R,1,R,-7777,R,-7777,R,17,R,16,R,0,R,0,R,-7777,R,-7777,R,-7777,R,1,R,3,R,637,R,51,R,837,R,79,R,436,R,59,R
USC00105414,10-Jul,44.08278,-115.61861,1194.8,"LOWMAN, ID US",19,R,14,R,9,R,7,R,5,R,-7777,R,-7777,R,2,R,404,R,92,R,24,R,19,R,14,R,9,R,7,R,5,R,2,R,-7777,R,-7777,R,17,R,16,R,0,R,0,R,-7777,R,-7777,R,-7777,R,1,R,3,R,639,R,51,R,841,R,78,R,437,R,59,R
USC00105414,11-Jul,44.08278,-115.61861,1194.8,"LOWMAN, ID US",19,R,14,R,9,R,7,R,5,R,-7777,R,-7777,R,2,R,406,R,92,R,24,R,19,R,14,R,9,R,7,R,5,R,2,R,-7777,R,-7777,R,17,R,16,R,0,R,0,R,-7777,R,-7777,R,-7777,R,1,R,3,R,641,R,51,R,844,R,77,R,438,R,59,R
USC00105414,12-Jul,44.08278,-115.61861,1194.8,"LOWMAN, ID US",19,R,14,R,9,R,8,R,5,R,-7777,R,-7777,R,2,R,408,R,92,R,24,R,19,R,14,R,9,R,8,R,5,R,2,R,-7777,R,-7777,R,18,R,16,R,0,R,0,R,-7777,R,-7777,R,-7777,R,1,R,2,R,643,R,50,R,847,R,77,R,439,R,59,R
USC00105414,13-Jul,44.08278,-115.61861,1194.8,"LOWMAN, ID US",19,R,15,R,10,R,8,R,5,R,-7777,R,-7777,R,2,R,410,R,92,R,24,R,19,R,15,R,10,R,8,R,5,R,2,R,-7777,R,-7777,R,18,R,17,R,0,R,0,R,-7777,R,-7777,R,-7777,R,1,R,2,R,645,R,50,R,850,R,76,R,440,R,59,R
USC00105414,14-Jul,44.08278,-115.61861,1194.8,"LOWMAN, ID US",20,R,15,R,10,R,8,R,5,R,-7777,R,-7777,R,2,R,412,R,92,R,25,R,20,R,15,R,10,R,8,R,5,R,2,R,-7777,R,-7777,R,18,R,17,R,0,R,0,R,-7777,R,-7777,R,-7777,R,1,R,2,R,647,R,49,R,853,R,75,R,441,R,60,R
USC00105414,15-Jul,44.08278,-115.61861,1194.8,"LOWMAN, ID US",20,R,15,R,10,R,8,R,5,R,-7777,R,-7777,R,2,R,414,R,92,R,25,R,20,R,15,R,10,R,8,R,5,R,2,R,-7777,R,-7777,R,18,R,17,R,0,R,0,R,-7777,R,-7777,R,-7777,R,-7777,R,2,R,649,R,49,R,855,R,75,R,442,R,60,R
USC00105414,16-Jul,44.08278,-115.61861,1194.8,"LOWMAN, ID US",20,R,15,R,10,R,8,R,5,R,-7777,R,-7777,R,2,R,416,R,92,R,25,R,20,R,15,R,10,R,8,R,5,R,2,R,-7777,R,-7777,R,18,R,17,R,0,R,0,R,-7777,R,-7777,R,-7777,R,-7777,R,2,R,650,R,49,R,858,R,74,R,442,R,60,R
USC00105414,17-Jul,44.08278,-115.61861,1194.8,"LOWMAN, ID US",20,R,15,R,10,R,8,R,6,R,-7777,R,-7777,R,2,R,417,R,92,R,25,R,20,R,15,R,10,R,8,R,6,R,2,R,-7777,R,-7777,R,18,R,17,R,0,R,0,R,-7777,R,-7777,R,-7777,R,-7777,R,2,R,652,R,49,R,860,R,73,R,443,R,61,R
USC00105414,18-Jul,44.08278,-115.61861,1194.8,"LOWMAN, ID US",20,R,15,R,10,R,8,R,6,R,-7777,R,-7777,R,2,R,419,R,92,R,25,R,20,R,15,R,10,R,8,R,6,R,2,R,-7777,R,-7777,R,18,R,17,R,0,R,0,R,0,R,-7777,R,-7777,R,-7777,R,2,R,653,R,48,R,863,R,73,R,444,R,61,R
USC00105414,19-Jul,44.08278,-115.61861,1194.8,"LOWMAN, ID US",20,R,15,R,10,R,9,R,6,R,-7777,R,-7777,R,2,R,421,R,91,R,25,R,20,R,15,R,10,R,9,R,6,R,2,R,-7777,R,-7777,R,18,R,17,R,0,R,0,R,0,R,-7777,R,-7777,R,-7777,R,2,R,654,R,48,R,865,R,72,R,444,R,61,R
USC00105414,20-Jul,44.08278,-115.61861,1194.8,"LOWMAN, ID US",21,R,16,R,11,R,9,R,6,R,-7777,R,-7777,R,2,R,422,R,91,R,26,R,21,R,16,R,11,R,9,R,6,R,2,R,-7777,R,-7777,R,18,R,17,R,0,R,0,R,0,R,-7777,R,-7777,R,-7777,R,2,R,655,R,48,R,867,R,72,R,444,R,62,R
USC00105414,21-Jul,44.08278,-115.61861,1194.8,"LOWMAN, ID US",21,R,16,R,11,R,9,R,6,R,-7777,R,-7777,R,2,R,424,R,91,R,26,R,21,R,16,R,11,R,9,R,6,R,2,R,-7777,R,-7777,R,18,R,17,R,0,R,0,R,0,R,-7777,R,-7777,R,-7777,R,1,R,656,R,48,R,868,R,71,R,445,R,62,R
USC00105414,22-Jul,44.08278,-115.61861,1194.8,"LOWMAN, ID US",21,R,16,R,11,R,9,R,6,R,-7777,R,-7777,R,2,R,425,R,91,R,26,R,21,R,16,R,11,R,9,R,6,R,2,R,-7777,R,-7777,R,18,R,17,R,0,R,0,R,0,R,-7777,R,-7777,R,-7777,R,1,R,657,R,48,R,870,R,71,R,445,R,62,R
USC00105414,23-Jul,44.08278,-115.61861,1194.8,"LOWMAN, ID US",21,R,16,R,11,R,9,R,6,R,-7777,R,-7777,R,2,R,426,R,91,R,26,R,21,R,16,R,11,R,9,R,6,R,2,R,-7777,R,-7777,R,18,R,17,R,0,R,0,R,0,R,-7777,R,-7777,R,-7777,R,1,R,658,R,48,R,871,R,70,R,445,R,62,R
USC00105414,24-Jul,44.08278,-115.61861,1194.8,"LOWMAN, ID US",21,R,16,R,11,R,9,R,6,R,-7777,R,-7777,R,2,R,428,R,91,R,26,R,21,R,16,R,11,R,9,R,6,R,2,R,-7777,R,-7777,R,18,R,17,R,0,R,0,R,0,R,-7777,R,-7777,R,-7777,R,1,R,658,R,48,R,872,R,70,R,445,R,63,R
USC00105414,25-Jul,44.08278,-115.61861,1194.8,"LOWMAN, ID US",21,R,16,R,11,R,9,R,6,R,-7777,R,-7777,R,2,R,429,R,90,R,26,R,21,R,16,R,11,R,9,R,6,R,2,R,-7777,R,-7777,R,19,R,17,R,0,R,0,R,0,R,-7777,R,-7777,R,-7777,R,1,R,659,R,48,R,873,R,69,R,444,R,63,R
USC00105414,26-Jul,44.08278,-115.61861,1194.8,"LOWMAN, ID US",21,R,16,R,11,R,9,R,6,R,-7777,R,-7777,R,2,R,430,R,90,R,26,R,21,R,16,R,11,R,9,R,6,R,2,R,-7777,R,-7777,R,19,R,17,R,0,R,0,R,0,R,-7777,R,-7777,R,-7777,R,1,R,659,R,47,R,874,R,69,R,444,R,63,R
USC00105414,27-Jul,44.08278,-115.61861,1194.8,"LOWMAN, ID US",21,R,16,R,11,R,9,R,6,R,-7777,R,-7777,R,2,R,431,R,91,R,26,R,21,R,16,R,11,R,9,R,6,R,2,R,-7777,R,-7777,R,19,R,17,R,0,R,0,R,0,R,-7777,R,-7777,R,-7777,R,1,R,659,R,47,R,874,R,69,R,444,R,63,R
USC00105414,28-Jul,44.08278,-115.61861,1194.8,"LOWMAN, ID US",21,R,16,R,11,R,9,R,6,R,-7777,R,-7777,R,2,R,432,R,91,R,26,R,21,R,16,R,11,R,9,R,6,R,2,R,-7777,R,-7777,R,19,R,17,R,0,R,0,R,0,R,-7777,R,-7777,R,-7777,R,1,R,659,R,47,R,875,R,69,R,443,R,63,R
USC00105414,29-Jul,44.08278,-115.61861,1194.8,"LOWMAN, ID US",21,R,16,R,11,R,9,R,6,R,-7777,R,-7777,R,2,R,432,R,91,R,26,R,21,R,16,R,11,R,9,R,6,R,2,R,-7777,R,-7777,R,19,R,17,R,0,R,0,R,0,R,-7777,R,-7777,R,-7777,R,1,R,659,R,47,R,875,R,69,R,443,R,64,R
USC00105414,30-Jul,44.08278,-115.61861,1194.8,"LOWMAN, ID US",21,R,16,R,11,R,9,R,6,R,-7777,R,-7777,R,2,R,433,R,91,R,26,R,21,R,16,R,11,R,9,R,6,R,2,R,-7777,R,-7777,R,19,R,17,R,0,R,0,R,0,R,-7777,R,-7777,R,-7777,R,1,R,658,R,47,R,875,R,69,R,442,R,64,R
USC00105414,31-Jul,44.08278,-115.61861,1194.8,"LOWMAN, ID US",21,R,16,R,11,R,9,R,6,R,-7777,R,-7777,R,2,R,434,R,92,R,26,R,21,R,16,R,11,R,9,R,6,R,2,R,-7777,R,-7777,R,19,R,17,R,0,R,0,R,0,R,-7777,R,-7777,R,-7777,R,2,R,658,R,47,R,875,R,69,R,441,R,64,R
USC00105414,1-Aug,44.08278,-115.61861,1194.8,"LOWMAN, ID US",21,R,16,R,11,R,9,R,6,R,-7777,R,-7777,R,2,R,434,R,92,R,26,R,21,R,16,R,11,R,9,R,6,R,2,R,-7777,R,-7777,R,19,R,17,R,0,R,0,R,0,R,-7777,R,-7777,R,-7777,R,2,R,657,R,47,R,874,R,69,R,440,R,64,R
USC00105414,2-Aug,44.08278,-115.61861,1194.8,"LOWMAN, ID US",21,R,16,R,11,R,9,R,6,R,-7777,R,-7777,R,2,R,434,R,92,R,26,R,21,R,16,R,11,R,9,R,6,R,2,R,-7777,R,-7777,R,19,R,17,R,0,R,0,R,0,R,-7777,R,-7777,R,-7777,R,2,R,656,R,47,R,873,R,69,R,439,R,65,R
USC00105414,3-Aug,44.08278,-115.61861,1194.8,"LOWMAN, ID US",21,R,16,R,11,R,9,R,6,R,-7777,R,-7777,R,2,R,434,R,93,R,26,R,21,R,16,R,11,R,9,R,6,R,2,R,-7777,R,-7777,R,19,R,17,R,0,R,0,R,0,R,-7777,R,-7777,R,-7777,R,2,R,655,R,47,R,873,R,69,R,438,R,65,R
USC00105414,4-Aug,44.08278,-115.61861,1194.8,"LOWMAN, ID US",20,R,15,R,10,R,9,R,6,R,-7777,R,-7777,R,2,R,435,R,94,R,25,R,20,R,15,R,10,R,9,R,6,R,2,R,-7777,R,-7777,R,19,R,17,R,0,R,0,R,0,R,-7777,R,-7777,R,-7777,R,2,R,654,R,48,R,872,R,70,R,437,R,65,R
USC00105414,5-Aug,44.08278,-115.61861,1194.8,"LOWMAN, ID US",20,R,15,R,10,R,8,R,6,R,-7777,R,-7777,R,2,R,434,R,95,R,25,R,20,R,15,R,10,R,8,R,6,R,2,R,-7777,R,-7777,R,19,R,17,R,0,R,0,R,0,R,-7777,R,-7777,R,-7777,R,2,R,653,R,48,R,870,R,70,R,436,R,65,R
USC00105414,6-Aug,44.08278,-115.61861,1194.8,"LOWMAN, ID US",20,R,15,R,10,R,8,R,6,R,-7777,R,-7777,R,2,R,434,R,95,R,25,R,20,R,15,R,10,R,8,R,6,R,2,R,-7777,R,-7777,R,18,R,17,R,0,R,0,R,0,R,-7777,R,-7777,R,-7777,R,2,R,652,R,48,R,869,R,70,R,435,R,66,R
USC00105414,7-Aug,44.08278,-115.61861,1194.8,"LOWMAN, ID US",20,R,15,R,10,R,8,R,5,R,-7777,R,-7777,R,2,R,434,R,96,R,25,R,20,R,15,R,10,R,8,R,5,R,2,R,-7777,R,-7777,R,18,R,17,R,0,R,0,R,0,R,-7777,R,-7777,R,-7777,R,2,R,650,R,48,R,867,R,71,R,433,R,66,R
USC00105414,8-Aug,44.08278,-115.61861,1194.8,"LOWMAN, ID US",20,R,15,R,10,R,8,R,5,R,-7777,R,-7777,R,2,R,434,R,97,R,25,R,20,R,15,R,10,R,8,R,5,R,2,R,-7777,R,-7777,R,18,R,17,R,0,R,0,R,0,R,-7777,R,-7777,R,-7777,R,2,R,649,R,48,R,866,R,71,R,432,R,66,R
USC00105414,9-Aug,44.08278,-115.61861,1194.8,"LOWMAN, ID US",20,R,15,R,10,R,8,R,5,R,-7777,R,-7777,R,2,R,433,R,97,R,25,R,20,R,15,R,10,R,8,R,5,R,2,R,-7777,R,-7777,R,18,R,17,R,0,R,0,R,-7777,R,-7777,R,-7777,R,-7777,R,2,R,647,R,48,R,864,R,72,R,430,R,66,R
USC00105414,10-Aug,44.08278,-115.61861,1194.8,"LOWMAN, ID US",20,R,15,R,10,R,8,R,5,R,-7777,R,-7777,R,2,R,433,R,98,R,25,R,20,R,15,R,10,R,8,R,5,R,2,R,-7777,R,-7777,R,18,R,17,R,0,R,0,R,-7777,R,-7777,R,-7777,R,1,R,2,R,645,R,48,R,862,R,72,R,429,R,66,R
USC00105414,11-Aug,44.08278,-115.61861,1194.8,"LOWMAN, ID US",19,R,14,R,9,R,8,R,5,R,-7777,R,-7777,R,2,R,432,R,98,R,24,R,19,R,14,R,9,R,8,R,5,R,2,R,-7777,R,-7777,R,18,R,17,R,0,R,0,R,-7777,R,-7777,R,-7777,R,1,R,2,R,643,R,48,R,860,R,72,R,427,R,66,R
USC00105414,12-Aug,44.08278,-115.61861,1194.8,"LOWMAN, ID US",19,R,14,R,9,R,7,R,5,R,-7777,R,-7777,R,1,R,431,R,99,R,24,R,19,R,14,R,9,R,7,R,5,R,1,R,-7777,R,-7777,R,18,R,17,R,0,R,0,R,-7777,R,-7777,R,-7777,R,1,R,2,R,641,R,49,R,857,R,73,R,426,R,66,R
USC00105414,13-Aug,44.08278,-115.61861,1194.8,"LOWMAN, ID US",19,R,14,R,9,R,7,R,5,R,-7777,R,-7777,R,1,R,431,R,99,R,24,R,19,R,14,R,9,R,7,R,5,R,1,R,-7777,R,-7777,R,18,R,17,R,0,R,0,R,-7777,R,-7777,R,-7777,R,1,R,2,R,639,R,49,R,855,R,73,R,424,R,66,R
USC00105414,14-Aug,44.08278,-115.61861,1194.8,"LOWMAN, ID US",19,R,14,R,9,R,7,R,4,R,-7777,R,-7777,R,1,R,430,R,100,R,24,R,19,R,14,R,9,R,7,R,4,R,1,R,-7777,R,-7777,R,18,R,17,R,0,R,0,R,-7777,R,-7777,R,-7777,R,1,R,3,R,637,R,49,R,852,R,74,R,422,R,66,R
USC00105414,15-Aug,44.08278,-115.61861,1194.8,"LOWMAN, ID US",18,R,14,R,9,R,7,R,4,R,-7777,R,-7777,R,1,R,429,R,100,R,24,R,18,R,14,R,9,R,7,R,4,R,1,R,-7777,R,-7777,R,18,R,17,R,0,R,0,R,-7777,R,-7777,R,-7777,R,1,R,3,R,635,R,49,R,849,R,74,R,421,R,66,R
USC00105414,16-Aug,44.08278,-115.61861,1194.8,"LOWMAN, ID US",18,R,13,R,8,R,7,R,4,R,-7777,R,-7777,R,1,R,428,R,100,R,23,R,18,R,13,R,8,R,7,R,4,R,1,R,-7777,R,-7777,R,18,R,17,R,0,R,0,R,-7777,R,-7777,R,-7777,R,1,R,3,R,633,R,49,R,847,R,74,R,419,R,66,R
USC00105414,17-Aug,44.08278,-115.61861,1194.8,"LOWMAN, ID US",18,R,13,R,8,R,6,R,4,R,-7777,R,-7777,R,1,R,427,R,101,R,23,R,18,R,13,R,8,R,6,R,4,R,1,R,-7777,R,-7777,R,18,R,16,R,0,R,0,R,-7777,R,-7777,R,-7777,R,1,R,3,R,630,R,49,R,844,R,75,R,417,R,66,R
USC00105414,18-Aug,44.08278,-115.61861,1194.8,"LOWMAN, ID US",18,R,13,R,8,R,6,R,4,R,-7777,R,-7777,R,1,R,426,R,101,R,23,R,18,R,13,R,8,R,6,R,4,R,1,R,-7777,R,-7777,R,17,R,16,R,0,R,0,R,-7777,R,-7777,R,-7777,R,1,R,3,R,628,R,49,R,841,R,75,R,415,R,66,R
USC00105414,19-Aug,44.08278,-115.61861,1194.8,"LOWMAN, ID US",18,R,13,R,8,R,6,R,4,R,-7777,R,-7777,R,1,R,425,R,102,R,23,R,18,R,13,R,8,R,6,R,4,R,1,R,-7777,R,-7777,R,17,R,16,R,0,R,0,R,-7777,R,-7777,R,-7777,R,1,R,3,R,625,R,49,R,838,R,76,R,413,R,66,R
USC00105414,20-Aug,44.08278,-115.61861,1194.8,"LOWMAN, ID US",17,R,12,R,8,R,6,R,3,R,-7777,R,-7777,R,1,R,424,R,102,R,22,R,17,R,12,R,8,R,6,R,3,R,1,R,-7777,R,-7777,R,17,R,16,R,0,R,0,R,-7777,R,-7777,R,1,R,1,R,4,R,623,R,49,R,835,R,76,R,411,R,66,R
USC00105414,21-Aug,44.08278,-115.61861,1194.8,"LOWMAN, ID US",17,R,12,R,7,R,6,R,3,R,-7777,R,-7777,R,1,R,422,R,103,R,22,R,17,R,12,R,7,R,6,R,3,R,1,R,-7777,R,-7777,R,17,R,16,R,0,R,0,R,-7777,R,-7777,R,1,R,1,R,4,R,620,R,49,R,832,R,76,R,409,R,66,R
USC00105414,22-Aug,44.08278,-115.61861,1194.8,"LOWMAN, ID US",17,R,12,R,7,R,5,R,3,R,-7777,R,-7777,R,1,R,421,R,104,R,22,R,17,R,12,R,7,R,5,R,3,R,1,R,-7777,R,-7777,R,17,R,16,R,0,R,0,R,-7777,R,-7777,R,1,R,1,R,4,R,618,R,49,R,828,R,77,R,407,R,66,R
USC00105414,23-Aug,44.08278,-115.61861,1194.8,"LOWMAN, ID US",17,R,12,R,7,R,5,R,3,R,-7777,R,-7777,R,1,R,420,R,105,R,22,R,17,R,12,R,7,R,5,R,3,R,1,R,-7777,R,-7777,R,17,R,16,R,0,R,0,R,-7777,R,-7777,R,1,R,1,R,4,R,615,R,49,R,825,R,77,R,405,R,67,R
USC00105414,24-Aug,44.08278,-115.61861,1194.8,"LOWMAN, ID US",16,R,11,R,7,R,5,R,3,R,-7777,R,0,R,1,R,419,R,106,R,21,R,16,R,11,R,7,R,5,R,3,R,1,R,-7777,R,0,R,17,R,16,R,0,R,0,R,-7777,R,-7777,R,1,R,1,R,4,R,612,R,49,R,822,R,78,R,403,R,67,R
USC00105414,25-Aug,44.08278,-115.61861,1194.8,"LOWMAN, ID US",16,R,11,R,6,R,5,R,3,R,-7777,R,0,R,1,R,418,R,107,R,21,R,16,R,11,R,6,R,5,R,3,R,1,R,-7777,R,0,R,17,R,15,R,0,R,0,R,-7777,R,-7777,R,1,R,2,R,5,R,610,R,50,R,819,R,79,R,401,R,67,R
USC00105414,26-Aug,44.08278,-115.61861,1194.8,"LOWMAN, ID US",16,R,11,R,6,R,4,R,2,R,-7777,R,0,R,-7777,R,417,R,108,R,21,R,16,R,11,R,6,R,4,R,2,R,-7777,R,-7777,R,0,R,16,R,15,R,0,R,0,R,-7777,R,-7777,R,1,R,2,R,5,R,607,R,50,R,815,R,80,R,399,R,67,R
USC00105414,27-Aug,44.08278,-115.61861,1194.8,"LOWMAN, ID US",15,R,10,R,6,R,4,R,2,R,-7777,R,0,R,-7777,R,416,R,109,R,20,R,15,R,10,R,6,R,4,R,2,R,-7777,R,-7777,R,0,R,16,R,15,R,0,R,0,R,-7777,R,-7777,R,1,R,2,R,5,R,604,R,50,R,812,R,81,R,396,R,68,R
USC00105414,28-Aug,44.08278,-115.61861,1194.8,"LOWMAN, ID US",15,R,10,R,6,R,4,R,2,R,-7777,R,0,R,-7777,R,414,R,111,R,20,R,15,R,10,R,6,R,4,R,2,R,-7777,R,-7777,R,0,R,16,R,15,R,0,R,0,R,-7777,R,1,R,1,R,2,R,5,R,601,R,51,R,809,R,82,R,394,R,68,R
USC00105414,29-Aug,44.08278,-115.61861,1194.8,"LOWMAN, ID US",15,R,10,R,5,R,4,R,2,R,-7777,R,0,R,-7777,R,413,R,112,R,20,R,15,R,10,R,5,R,4,R,2,R,-7777,R,-7777,R,0,R,16,R,15,R,0,R,0,R,-7777,R,1,R,1,R,2,R,5,R,598,R,51,R,805,R,83,R,392,R,69,R
USC00105414,30-Aug,44.08278,-115.61861,1194.8,"LOWMAN, ID US",15,R,10,R,5,R,4,R,2,R,0,R,0,R,-7777,R,412,R,113,R,20,R,15,R,10,R,5,R,4,R,2,R,-7777,R,0,R,0,R,16,R,15,R,0,R,0,R,-7777,R,1,R,1,R,2,R,6,R,596,R,52,R,802,R,84,R,389,R,69,R
USC00105414,31-Aug,44.08278,-115.61861,1194.8,"LOWMAN, ID US",14,R,9,R,5,R,3,R,2,R,0,R,0,R,-7777,R,411,R,114,R,19,R,14,R,9,R,5,R,3,R,2,R,-7777,R,0,R,0,R,16,R,15,R,0,R,0,R,-7777,R,1,R,1,R,2,R,6,R,593,R,52,R,798,R,85,R,387,R,70,R
USC00105414,1-Sep,44.08278,-115.61861,1194.8,"LOWMAN, ID US",14,R,9,R,5,R,3,R,2,R,0,R,0,R,-7777,R,411,R,115,R,19,R,14,R,9,R,5,R,3,R,2,R,-7777,R,0,R,0,R,16,R,15,R,0,R,0,R,-7777,R,1,R,1,R,3,R,6,R,590,R,53,R,795,R,86,R,385,R,70,R
USC00105414,2-Sep,44.08278,-115.61861,1194.8,"LOWMAN, ID US",14,R,9,R,4,R,3,R,1,R,0,R,0,R,-7777,R,410,R,115,R,19,R,14,R,9,R,4,R,3,R,1,R,-7777,R,0,R,0,R,15,R,14,R,0,R,-7777,R,-7777,R,1,R,1,R,3,R,6,R,587,R,54,R,792,R,86,R,382,R,70,R
USC00105414,3-Sep,44.08278,-115.61861,1194.8,"LOWMAN, ID US",13,R,9,R,4,R,3,R,1,R,0,R,0,R,-7777,R,409,R,116,R,18,R,13,R,9,R,4,R,3,R,1,R,-7777,R,0,R,0,R,15,R,14,R,0,R,-7777,R,-7777,R,1,R,1,R,3,R,7,R,584,R,54,R,789,R,87,R,380,R,71,R
USC00105414,4-Sep,44.08278,-115.61861,1194.8,"LOWMAN, ID US",13,R,8,R,4,R,3,R,1,R,0,R,0,R,-7777,R,408,R,117,R,18,R,13,R,8,R,4,R,3,R,1,R,-7777,R,0,R,0,R,15,R,14,R,-7777,R,-7777,R,-7777,R,1,R,2,R,3,R,7,R,581,R,55,R,785,R,88,R,377,R,71,R
USC00105414,5-Sep,44.08278,-115.61861,1194.8,"LOWMAN, ID US",13,R,8,R,4,R,3,R,1,R,0,R,0,R,-7777,R,408,R,117,R,18,R,13,R,8,R,4,R,3,R,1,R,-7777,R,0,R,0,R,15,R,14,R,-7777,R,-7777,R,-7777,R,1,R,2,R,3,R,7,R,578,R,55,R,782,R,89,R,374,R,72,R
USC00105414,6-Sep,44.08278,-115.61861,1194.8,"LOWMAN, ID US",13,R,8,R,4,R,2,R,1,R,0,R,0,R,-7777,R,407,R,118,R,18,R,13,R,8,R,4,R,2,R,1,R,-7777,R,0,R,0,R,15,R,14,R,-7777,R,-7777,R,-7777,R,1,R,2,R,4,R,8,R,575,R,56,R,779,R,90,R,372,R,72,R
USC00105414,7-Sep,44.08278,-115.61861,1194.8,"LOWMAN, ID US",12,R,8,R,4,R,2,R,1,R,-7777,R,0,R,-7777,R,406,R,118,R,17,R,12,R,8,R,4,R,2,R,1,R,-7777,R,-7777,R,0,R,15,R,14,R,-7777,R,-7777,R,-7777,R,1,R,2,R,4,R,8,R,572,R,57,R,775,R,91,R,369,R,72,R
USC00105414,8-Sep,44.08278,-115.61861,1194.8,"LOWMAN, ID US",12,R,7,R,3,R,2,R,1,R,-7777,R,0,R,-7777,R,406,R,119,R,17,R,12,R,7,R,3,R,2,R,1,R,-7777,R,-7777,R,0,R,14,R,13,R,-7777,R,-7777,R,-7777,R,2,R,2,R,4,R,8,R,569,R,57,R,772,R,92,R,366,R,73,R
USC00105414,9-Sep,44.08278,-115.61861,1194.8,"LOWMAN, ID US",12,R,7,R,3,R,2,R,1,R,-7777,R,0,R,-7777,R,405,R,119,R,17,R,12,R,7,R,3,R,2,R,1,R,-7777,R,-7777,R,0,R,14,R,13,R,-7777,R,-7777,R,-7777,R,2,R,3,R,4,R,9,R,566,R,58,R,769,R,93,R,363,R,73,R
USC00105414,10-Sep,44.08278,-115.61861,1194.8,"LOWMAN, ID US",11,R,7,R,3,R,2,R,1,R,-7777,R,-7777,R,-7777,R,405,R,120,R,16,R,11,R,7,R,3,R,2,R,1,R,-7777,R,-7777,R,-7777,R,14,R,13,R,-7777,R,-7777,R,-7777,R,2,R,3,R,5,R,9,R,563,R,59,R,766,R,94,R,361,R,74,R
USC00105414,11-Sep,44.08278,-115.61861,1194.8,"LOWMAN, ID US",11,R,7,R,3,R,2,R,1,R,-7777,R,-7777,R,-7777,R,405,R,120,R,16,R,11,R,7,R,3,R,2,R,1,R,-7777,R,-7777,R,-7777,R,14,R,13,R,-7777,R,-7777,R,1,R,2,R,3,R,5,R,9,R,560,R,60,R,762,R,95,R,358,R,74,R
USC00105414,12-Sep,44.08278,-115.61861,1194.8,"LOWMAN, ID US",11,R,6,R,3,R,2,R,1,R,-7777,R,-7777,R,-7777,R,404,R,121,R,16,R,11,R,6,R,3,R,2,R,1,R,-7777,R,-7777,R,-7777,R,14,R,13,R,-7777,R,-7777,R,1,R,2,R,3,R,5,R,9,R,557,R,60,R,759,R,95,R,355,R,75,R
USC00105414,13-Sep,44.08278,-115.61861,1194.8,"LOWMAN, ID US",11,R,6,R,3,R,2,R,1,R,-7777,R,-7777,R,-7777,R,404,R,121,R,15,R,11,R,6,R,3,R,2,R,1,R,-7777,R,-7777,R,-7777,R,14,R,13,R,-7777,R,-7777,R,1,R,2,R,3,R,5,R,10,R,554,R,61,R,756,R,96,R,352,R,75,R
USC00105414,14-Sep,44.08278,-115.61861,1194.8,"LOWMAN, ID US",10,R,6,R,3,R,2,R,1,R,-7777,R,-7777,R,-7777,R,403,R,122,R,15,R,10,R,6,R,3,R,2,R,1,R,-7777,R,-7777,R,-7777,R,13,R,12,R,-7777,R,-7777,R,1,R,3,R,4,R,6,R,10,R,551,R,61,R,752,R,97,R,349,R,76,R
USC00105414,15-Sep,44.08278,-115.61861,1194.8,"LOWMAN, ID US",10,R,6,R,3,R,2,R,1,R,-7777,R,-7777,R,-7777,R,403,R,122,R,15,R,10,R,6,R,3,R,2,R,1,R,-7777,R,-7777,R,-7777,R,13,R,12,R,-7777,R,-7777,R,1,R,3,R,4,R,6,R,10,R,547,R,62,R,749,R,97,R,346,R,76,R
USC00105414,16-Sep,44.08278,-115.61861,1194.8,"LOWMAN, ID US",10,R,5,R,2,R,2,R,1,R,-7777,R,-7777,R,-7777,R,403,R,123,R,14,R,10,R,5,R,2,R,2,R,1,R,-7777,R,-7777,R,-7777,R,13,R,12,R,-7777,R,-7777,R,1,R,3,R,4,R,6,R,11,R,544,R,62,R,746,R,98,R,343,R,77,R
USC00105414,17-Sep,44.08278,-115.61861,1194.8,"LOWMAN, ID US",9,R,5,R,2,R,1,R,1,R,-7777,R,-7777,R,-7777,R,402,R,123,R,14,R,9,R,5,R,2,R,1,R,1,R,-7777,R,-7777,R,-7777,R,13,R,12,R,-7777,R,-7777,R,1,R,3,R,4,R,7,R,11,R,541,R,63,R,742,R,99,R,340,R,77,R
USC00105414,18-Sep,44.08278,-115.61861,1194.8,"LOWMAN, ID US",9,R,5,R,2,R,1,R,1,R,-7777,R,-7777,R,-7777,R,402,R,124,R,14,R,9,R,5,R,2,R,1,R,1,R,-7777,R,-7777,R,-7777,R,13,R,12,R,-7777,R,-7777,R,1,R,3,R,5,R,7,R,11,R,538,R,63,R,739,R,100,R,337,R,77,R
USC00105414,19-Sep,44.08278,-115.61861,1194.8,"LOWMAN, ID US",9,R,5,R,2,R,1,R,1,R,-7777,R,-7777,R,-7777,R,401,R,125,R,13,R,9,R,5,R,2,R,1,R,1,R,-7777,R,-7777,R,-7777,R,13,R,12,R,-7777,R,-7777,R,1,R,4,R,5,R,7,R,12,R,535,R,64,R,735,R,101,R,334,R,77,R
USC00105414,20-Sep,44.08278,-115.61861,1194.8,"LOWMAN, ID US",9,R,5,R,2,R,1,R,1,R,-7777,R,-7777,R,-7777,R,401,R,125,R,13,R,9,R,5,R,2,R,1,R,1,R,-7777,R,-7777,R,-7777,R,13,R,12,R,-7777,R,-7777,R,2,R,4,R,5,R,7,R,12,R,531,R,64,R,732,R,101,R,331,R,78,R
USC00105414,21-Sep,44.08278,-115.61861,1194.8,"LOWMAN, ID US",8,R,4,R,2,R,1,R,1,R,-7777,R,-7777,R,-7777,R,400,R,126,R,13,R,8,R,4,R,2,R,1,R,1,R,-7777,R,-7777,R,-7777,R,12,R,11,R,-7777,R,-7777,R,2,R,4,R,5,R,8,R,12,R,528,R,64,R,728,R,102,R,328,R,78,R
USC00105414,22-Sep,44.08278,-115.61861,1194.8,"LOWMAN, ID US",8,R,4,R,2,R,1,R,-7777,R,-7777,R,-7777,R,-7777,R,400,R,126,R,13,R,8,R,4,R,2,R,1,R,-7777,R,-7777,R,-7777,R,-7777,R,12,R,11,R,-7777,R,-7777,R,2,R,4,R,6,R,8,R,13,R,525,R,64,R,724,R,102,R,325,R,78,R
USC00105414,23-Sep,44.08278,-115.61861,1194.8,"LOWMAN, ID US",8,R,4,R,2,R,1,R,-7777,R,-7777,R,-7777,R,-7777,R,399,R,126,R,12,R,8,R,4,R,2,R,1,R,-7777,R,-7777,R,-7777,R,-7777,R,12,R,11,R,-7777,R,1,R,2,R,4,R,6,R,8,R,13,R,521,R,64,R,721,R,103,R,322,R,77,R
USC00105414,24-Sep,44.08278,-115.61861,1194.8,"LOWMAN, ID US",7,R,4,R,1,R,1,R,-7777,R,-7777,R,-7777,R,-7777,R,398,R,126,R,12,R,7,R,4,R,1,R,1,R,-7777,R,-7777,R,-7777,R,-7777,R,12,R,11,R,-7777,R,1,R,2,R,5,R,6,R,9,R,13,R,518,R,64,R,717,R,103,R,319,R,77,R
USC00105414,25-Sep,44.08278,-115.61861,1194.8,"LOWMAN, ID US",7,R,4,R,1,R,1,R,-7777,R,-7777,R,-7777,R,-7777,R,397,R,127,R,12,R,7,R,4,R,1,R,1,R,-7777,R,-7777,R,-7777,R,-7777,R,12,R,11,R,-7777,R,1,R,2,R,5,R,6,R,9,R,14,R,514,R,64,R,713,R,103,R,316,R,77,R
USC00105414,26-Sep,44.08278,-115.61861,1194.8,"LOWMAN, ID US",7,R,3,R,1,R,1,R,-7777,R,-7777,R,-7777,R,-7777,R,396,R,126,R,11,R,7,R,3,R,1,R,1,R,-7777,R,-7777,R,-7777,R,-7777,R,11,R,10,R,-7777,R,1,R,2,R,5,R,7,R,9,R,14,R,511,R,64,R,709,R,103,R,313,R,77,R
USC00105414,27-Sep,44.08278,-115.61861,1194.8,"LOWMAN, ID US",6,R,3,R,1,R,1,R,-7777,R,-7777,R,-7777,R,-7777,R,394,R,126,R,11,R,6,R,3,R,1,R,1,R,-7777,R,-7777,R,-7777,R,-7777,R,11,R,10,R,-7777,R,1,R,2,R,5,R,7,R,9,R,14,R,508,R,64,R,705,R,103,R,310,R,76,R
USC00105414,28-Sep,44.08278,-115.61861,1194.8,"LOWMAN, ID US",6,R,3,R,1,R,-7777,R,-7777,R,-7777,R,-7777,R,-7777,R,393,R,126,R,11,R,6,R,3,R,1,R,-7777,R,-7777,R,-7777,R,-7777,R,-7777,R,11,R,10,R,-7777,R,1,R,2,R,6,R,7,R,10,R,15,R,504,R,63,R,700,R,102,R,308,R,76,R
USC00105414,29-Sep,44.08278,-115.61861,1194.8,"LOWMAN, ID US",6,R,3,R,1,R,-7777,R,-7777,R,-7777,R,-7777,R,-7777,R,391,R,126,R,10,R,6,R,3,R,1,R,-7777,R,-7777,R,-7777,R,-7777,R,-7777,R,11,R,10,R,-7777,R,1,R,3,R,6,R,7,R,10,R,15,R,500,R,63,R,696,R,102,R,305,R,76,R
USC00105414,30-Sep,44.08278,-115.61861,1194.8,"LOWMAN, ID US",6,R,2,R,1,R,-7777,R,-7777,R,-7777,R,-7777,R,-7777,R,389,R,126,R,10,R,6,R,2,R,1,R,-7777,R,-7777,R,-7777,R,-7777,R,-7777,R,11,R,10,R,-7777,R,1,R,3,R,6,R,8,R,10,R,15,R,497,R,63,R,692,R,102,R,302,R,75,R
USC00105414,1-Oct,44.08278,-115.61861,1194.8,"LOWMAN, ID US",5,R,2,R,1,R,-7777,R,-7777,R,-7777,R,-7777,R,-7777,R,387,R,126,R,10,R,5,R,2,R,1,R,-7777,R,-7777,R,-7777,R,-7777,R,-7777,R,10,R,9,R,-7777,R,1,R,3,R,6,R,8,R,11,R,16,R,493,R,62,R,687,R,102,R,300,R,75,R
USC00105414,2-Oct,44.08278,-115.61861,1194.8,"LOWMAN, ID US",5,R,2,R,1,R,-7777,R,-7777,R,-7777,R,-7777,R,-7777,R,385,R,126,R,9,R,5,R,2,R,1,R,-7777,R,-7777,R,-7777,R,-7777,R,-7777,R,10,R,9,R,-7777,R,1,R,3,R,7,R,8,R,11,R,16,R,490,R,62,R,682,R,101,R,297,R,75,R
USC00105414,3-Oct,44.08278,-115.61861,1194.8,"LOWMAN, ID US",5,R,2,R,-7777,R,-7777,R,-7777,R,-7777,R,-7777,R,-7777,R,382,R,126,R,9,R,5,R,2,R,-7777,R,-7777,R,-7777,R,-7777,R,-7777,R,-7777,R,10,R,9,R,-7777,R,1,R,3,R,7,R,9,R,12,R,16,R,486,R,61,R,677,R,101,R,295,R,74,R
USC00105414,4-Oct,44.08278,-115.61861,1194.8,"LOWMAN, ID US",4,R,2,R,-7777,R,-7777,R,-7777,R,-7777,R,-7777,R,-7777,R,380,R,126,R,8,R,4,R,2,R,-7777,R,-7777,R,-7777,R,-7777,R,-7777,R,-7777,R,10,R,9,R,-7777,R,1,R,3,R,7,R,9,R,12,R,17,R,482,R,61,R,672,R,100,R,293,R,74,R
USC00105414,5-Oct,44.08278,-115.61861,1194.8,"LOWMAN, ID US",4,R,1,R,-7777,R,-7777,R,-7777,R,-7777,R,-7777,R,-7777,R,377,R,126,R,8,R,4,R,1,R,-7777,R,-7777,R,-7777,R,-7777,R,-7777,R,-7777,R,9,R,8,R,-7777,R,1,R,4,R,7,R,9,R,12,R,17,R,479,R,60,R,667,R,100,R,290,R,74,R
USC00105414,6-Oct,44.08278,-115.61861,1194.8,"LOWMAN, ID US",4,R,1,R,-7777,R,-7777,R,-7777,R,-7777,R,-7777,R,-7777,R,373,R,126,R,8,R,4,R,1,R,-7777,R,-7777,R,-7777,R,-7777,R,-7777,R,-7777,R,9,R,8,R,-7777,R,1,R,4,R,8,R,10,R,13,R,18,R,475,R,59,R,662,R,99,R,288,R,74,R
USC00105414,7-Oct,44.08278,-115.61861,1194.8,"LOWMAN, ID US",4,R,1,R,-7777,R,-7777,R,-7777,R,-7777,R,-7777,R,-7777,R,370,R,126,R,7,R,4,R,1,R,-7777,R,-7777,R,-7777,R,-7777,R,-7777,R,-7777,R,9,R,8,R,-7777,R,1,R,4,R,8,R,10,R,13,R,18,R,471,R,59,R,656,R,99,R,286,R,73,R
USC00105414,8-Oct,44.08278,-115.61861,1194.8,"LOWMAN, ID US",3,R,1,R,-7777,R,-7777,R,-7777,R,-7777,R,-7777,R,-7777,R,366,R,126,R,7,R,3,R,1,R,-7777,R,-7777,R,-7777,R,-7777,R,-7777,R,-7777,R,9,R,8,R,-7777,R,2,R,4,R,8,R,10,R,13,R,18,R,468,R,58,R,651,R,98,R,284,R,73,R
USC00105414,9-Oct,44.08278,-115.61861,1194.8,"LOWMAN, ID US",3,R,1,R,-7777,R,-7777,R,0,R,0,R,0,R,0,R,362,R,125,R,7,R,3,R,1,R,-7777,R,-7777,R,0,R,0,R,0,R,0,R,8,R,7,R,-7777,R,2,R,4,R,9,R,11,R,14,R,19,R,464,R,57,R,645,R,97,R,283,R,73,R
USC00105414,10-Oct,44.08278,-115.61861,1194.8,"LOWMAN, ID US",3,R,1,R,-7777,R,-7777,R,0,R,0,R,0,R,0,R,358,R,125,R,6,R,3,R,1,R,-7777,R,-7777,R,0,R,0,R,0,R,0,R,8,R,7,R,-7777,R,2,R,5,R,9,R,11,R,14,R,19,R,460,R,57,R,639,R,97,R,281,R,72,R
USC00105414,11-Oct,44.08278,-115.61861,1194.8,"LOWMAN, ID US",3,R,1,R,-7777,R,-7777,R,0,R,0,R,0,R,0,R,354,R,125,R,6,R,3,R,1,R,-7777,R,-7777,R,0,R,0,R,0,R,0,R,8,R,7,R,-7777,R,2,R,5,R,9,R,11,R,14,R,19,R,456,R,56,R,633,R,96,R,279,R,72,R
USC00105414,12-Oct,44.08278,-115.61861,1194.8,"LOWMAN, ID US",2,R,1,R,-7777,R,-7777,R,0,R,0,R,0,R,0,R,349,R,125,R,6,R,2,R,1,R,-7777,R,-7777,R,0,R,0,R,0,R,0,R,7,R,7,R,1,R,2,R,5,R,10,R,12,R,15,R,20,R,452,R,56,R,627,R,96,R,278,R,72,R
USC00105414,13-Oct,44.08278,-115.61861,1194.8,"LOWMAN, ID US",2,R,-7777,R,-7777,R,-7777,R,0,R,0,R,0,R,0,R,345,R,125,R,5,R,2,R,-7777,R,-7777,R,-7777,R,0,R,0,R,0,R,0,R,7,R,6,R,1,R,2,R,6,R,10,R,12,R,15,R,20,R,449,R,56,R,621,R,95,R,276,R,72,R
USC00105414,14-Oct,44.08278,-115.61861,1194.8,"LOWMAN, ID US",2,R,-7777,R,-7777,R,-7777,R,0,R,0,R,0,R,0,R,340,R,125,R,5,R,2,R,-7777,R,-7777,R,-7777,R,0,R,0,R,0,R,0,R,7,R,6,R,1,R,3,R,6,R,11,R,13,R,16,R,21,R,445,R,55,R,615,R,95,R,275,R,72,R
USC00105414,15-Oct,44.08278,-115.61861,1194.8,"LOWMAN, ID US",2,R,-7777,R,-7777,R,-7777,R,0,R,0,R,0,R,0,R,334,R,125,R,5,R,2,R,-7777,R,-7777,R,-7777,R,0,R,0,R,0,R,0,R,7,R,6,R,1,R,3,R,6,R,11,R,13,R,16,R,21,R,441,R,55,R,608,R,94,R,274,R,72,R
USC00105414,16-Oct,44.08278,-115.61861,1194.8,"LOWMAN, ID US",2,R,-7777,R,-7777,R,-7777,R,0,R,0,R,0,R,0,R,329,R,125,R,5,R,2,R,-7777,R,-7777,R,-7777,R,0,R,0,R,0,R,0,R,6,R,5,R,1,R,3,R,7,R,11,R,13,R,16,R,21,R,437,R,55,R,602,R,94,R,273,R,72,R
USC00105414,17-Oct,44.08278,-115.61861,1194.8,"LOWMAN, ID US",1,R,-7777,R,-7777,R,-7777,R,0,R,0,R,0,R,0,R,324,R,124,R,4,R,1,R,-7777,R,-7777,R,-7777,R,0,R,0,R,0,R,0,R,6,R,5,R,1,R,3,R,7,R,12,R,14,R,17,R,22,R,433,R,55,R,595,R,93,R,271,R,72,R
USC00105414,18-Oct,44.08278,-115.61861,1194.8,"LOWMAN, ID US",1,R,-7777,R,-7777,R,-7777,R,0,R,0,R,0,R,0,R,318,R,124,R,4,R,1,R,-7777,R,-7777,R,-7777,R,0,R,0,R,0,R,0,R,6,R,5,R,1,R,3,R,7,R,12,R,14,R,17,R,22,R,429,R,55,R,588,R,92,R,270,R,72,R
USC00105414,19-Oct,44.08278,-115.61861,1194.8,"LOWMAN, ID US",1,R,-7777,R,-7777,R,-7777,R,0,R,0,R,0,R,0,R,312,R,123,R,4,R,1,R,-7777,R,-7777,R,-7777,R,0,R,0,R,0,R,0,R,5,R,5,R,1,R,4,R,8,R,12,R,14,R,17,R,22,R,425,R,54,R,581,R,92,R,269,R,72,R
USC00105414,20-Oct,44.08278,-115.61861,1194.8,"LOWMAN, ID US",1,R,-7777,R,-7777,R,-7777,R,0,R,0,R,0,R,0,R,306,R,122,R,3,R,1,R,-7777,R,-7777,R,-7777,R,0,R,0,R,0,R,0,R,5,R,4,R,1,R,4,R,8,R,13,R,15,R,18,R,23,R,422,R,54,R,575,R,91,R,268,R,72,R
USC00105414,21-Oct,44.08278,-115.61861,1194.8,"LOWMAN, ID US",1,R,-7777,R,-7777,R,-7777,R,0,R,0,R,0,R,0,R,300,R,121,R,3,R,1,R,-7777,R,-7777,R,-7777,R,0,R,0,R,0,R,0,R,5,R,4,R,1,R,4,R,8,R,13,R,15,R,18,R,23,R,418,R,54,R,568,R,90,R,268,R,73,R
USC00105414,22-Oct,44.08278,-115.61861,1194.8,"LOWMAN, ID US",1,R,-7777,R,-7777,R,-7777,R,0,R,0,R,0,R,0,R,294,R,120,R,3,R,1,R,-7777,R,-7777,R,-7777,R,0,R,0,R,0,R,0,R,5,R,4,R,2,R,4,R,9,R,14,R,16,R,19,R,24,R,414,R,55,R,561,R,89,R,267,R,73,R
USC00105414,23-Oct,44.08278,-115.61861,1194.8,"LOWMAN, ID US",1,R,-7777,R,-7777,R,-7777,R,0,R,0,R,0,R,0,R,288,R,119,R,3,R,1,R,-7777,R,-7777,R,-7777,R,0,R,0,R,0,R,0,R,4,R,4,R,2,R,5,R,9,R,14,R,16,R,19,R,24,R,410,R,55,R,554,R,88,R,266,R,74,R
USC00105414,24-Oct,44.08278,-115.61861,1194.8,"LOWMAN, ID US",1,R,-7777,R,-7777,R,-7777,R,0,R,0,R,0,R,0,R,282,R,118,R,2,R,1,R,-7777,R,-7777,R,-7777,R,0,R,0,R,0,R,0,R,4,R,3,R,2,R,5,R,9,R,14,R,16,R,19,R,24,R,406,R,55,R,546,R,87,R,265,R,74,R
USC00105414,25-Oct,44.08278,-115.61861,1194.8,"LOWMAN, ID US",1,R,-7777,R,-7777,R,-7777,R,0,R,0,R,0,R,0,R,275,R,117,R,2,R,1,R,-7777,R,-7777,R,-7777,R,0,R,0,R,0,R,0,R,4,R,3,R,2,R,5,R,10,R,15,R,17,R,20,R,25,R,402,R,55,R,539,R,86,R,264,R,75,R
USC00105414,26-Oct,44.08278,-115.61861,1194.8,"LOWMAN, ID US",-7777,R,-7777,R,-7777,R,-7777,R,0,R,0,R,0,R,0,R,269,R,116,R,2,R,-7777,R,-7777,R,-7777,R,-7777,R,0,R,0,R,0,R,0,R,3,R,3,R,2,R,6,R,10,R,15,R,17,R,20,R,25,R,398,R,55,R,532,R,85,R,263,R,75,R
USC00105414,27-Oct,44.08278,-115.61861,1194.8,"LOWMAN, ID US",-7777,R,-7777,R,0,R,0,R,0,R,0,R,0,R,0,R,263,R,115,R,2,R,-7777,R,-7777,R,0,R,0,R,0,R,0,R,0,R,0,R,3,R,2,R,3,R,6,R,11,R,16,R,18,R,21,R,26,R,394,R,56,R,525,R,84,R,262,R,76,R
USC00105414,28-Oct,44.08278,-115.61861,1194.8,"LOWMAN, ID US",-7777,R,-7777,R,0,R,0,R,0,R,0,R,0,R,0,R,257,R,114,R,2,R,-7777,R,-7777,R,0,R,0,R,0,R,0,R,0,R,0,R,3,R,2,R,3,R,6,R,11,R,16,R,18,R,21,R,26,R,390,R,56,R,518,R,83,R,261,R,76,R
USC00105414,29-Oct,44.08278,-115.61861,1194.8,"LOWMAN, ID US",-7777,R,-7777,R,0,R,0,R,0,R,0,R,0,R,0,R,251,R,112,R,2,R,-7777,R,-7777,R,0,R,0,R,0,R,0,R,0,R,0,R,3,R,2,R,3,R,7,R,11,R,16,R,18,R,21,R,26,R,385,R,56,R,511,R,82,R,260,R,76,R
USC00105414,30-Oct,44.08278,-115.61861,1194.8,"LOWMAN, ID US",-7777,R,-7777,R,0,R,0,R,0,R,0,R,0,R,0,R,245,R,111,R,1,R,-7777,R,-7777,R,0,R,0,R,0,R,0,R,0,R,0,R,2,R,2,R,3,R,7,R,12,R,17,R,19,R,22,R,27,R,381,R,56,R,504,R,80,R,259,R,77,R
USC00105414,31-Oct,44.08278,-115.61861,1194.8,"LOWMAN, ID US",-7777,R,-7777,R,0,R,0,R,0,R,0,R,0,R,0,R,239,R,110,R,1,R,-7777,R,-7777,R,0,R,0,R,0,R,0,R,0,R,0,R,2,R,2,R,4,R,8,R,12,R,17,R,19,R,22,R,27,R,377,R,56,R,497,R,79,R,258,R,77,R
USC00105414,1-Nov,44.08278,-115.61861,1194.8,"LOWMAN, ID US",-7777,R,-7777,R,0,R,0,R,0,R,0,R,0,R,0,R,233,R,108,R,1,R,-7777,R,-7777,R,0,R,0,R,0,R,0,R,0,R,0,R,2,R,1,R,4,R,8,R,13,R,18,R,20,R,23,R,28,R,373,R,57,R,490,R,78,R,257,R,78,R
USC00105414,2-Nov,44.08278,-115.61861,1194.8,"LOWMAN, ID US",-7777,R,-7777,R,0,R,0,R,0,R,0,R,0,R,0,R,227,R,107,R,1,R,-7777,R,-7777,R,0,R,0,R,0,R,0,R,0,R,0,R,2,R,1,R,4,R,8,R,13,R,18,R,20,R,23,R,28,R,369,R,57,R,483,R,77,R,255,R,79,R
USC00105414,3-Nov,44.08278,-115.61861,1194.8,"LOWMAN, ID US",-7777,R,-7777,R,0,R,0,R,0,R,0,R,0,R,0,R,222,R,106,R,1,R,-7777,R,-7777,R,0,R,0,R,0,R,0,R,0,R,0,R,1,R,1,R,5,R,9,R,14,R,19,R,21,R,24,R,29,R,365,R,58,R,476,R,76,R,254,R,80,R
USC00105414,4-Nov,44.08278,-115.61861,1194.8,"LOWMAN, ID US",-7777,R,-7777,R,0,R,0,R,0,R,0,R,0,R,0,R,216,R,104,R,1,R,-7777,R,-7777,R,0,R,0,R,0,R,0,R,0,R,0,R,1,R,1,R,5,R,9,R,14,R,19,R,21,R,24,R,29,R,361,R,59,R,469,R,75,R,253,R,81,R
USC00105414,5-Nov,44.08278,-115.61861,1194.8,"LOWMAN, ID US",-7777,R,-7777,R,0,R,0,R,0,R,0,R,0,R,0,R,211,R,103,R,1,R,-7777,R,-7777,R,0,R,0,R,0,R,0,R,0,R,0,R,1,R,1,R,5,R,10,R,14,R,19,R,21,R,24,R,29,R,357,R,59,R,462,R,74,R,251,R,82,R
USC00105414,6-Nov,44.08278,-115.61861,1194.8,"LOWMAN, ID US",-7777,R,-7777,R,0,R,0,R,0,R,0,R,0,R,0,R,206,R,102,R,1,R,-7777,R,-7777,R,0,R,0,R,0,R,0,R,0,R,0,R,1,R,1,R,6,R,10,R,15,R,20,R,22,R,25,R,30,R,352,R,60,R,456,R,73,R,249,R,84,R
USC00105414,7-Nov,44.08278,-115.61861,1194.8,"LOWMAN, ID US",-7777,R,-7777,R,0,R,0,R,0,R,0,R,0,R,0,R,202,R,101,R,1,R,-7777,R,-7777,R,0,R,0,R,0,R,0,R,0,R,0,R,1,R,-7777,R,6,R,10,R,15,R,20,R,22,R,25,R,30,R,348,R,61,R,449,R,72,R,247,R,85,R
USC00105414,8-Nov,44.08278,-115.61861,1194.8,"LOWMAN, ID US",-7777,R,-7777,R,0,R,0,R,0,R,0,R,0,R,0,R,197,R,99,R,-7777,R,-7777,R,-7777,R,0,R,0,R,0,R,0,R,0,R,0,R,1,R,-7777,R,6,R,11,R,16,R,21,R,23,R,26,R,31,R,344,R,62,R,443,R,71,R,245,R,86,R
USC00105414,9-Nov,44.08278,-115.61861,1194.8,"LOWMAN, ID US",-7777,R,-7777,R,0,R,0,R,0,R,0,R,0,R,0,R,193,R,98,R,-7777,R,-7777,R,-7777,R,0,R,0,R,0,R,0,R,0,R,0,R,1,R,-7777,R,6,R,11,R,16,R,21,R,23,R,26,R,31,R,340,R,63,R,436,R,70,R,243,R,88,R
USC00105414,10-Nov,44.08278,-115.61861,1194.8,"LOWMAN, ID US",-7777,R,-7777,R,0,R,0,R,0,R,0,R,0,R,0,R,189,R,97,R,-7777,R,-7777,R,-7777,R,0,R,0,R,0,R,0,R,0,R,0,R,-7777,R,-7777,R,7,R,12,R,16,R,21,R,23,R,26,R,31,R,335,R,64,R,430,R,70,R,241,R,89,R
USC00105414,11-Nov,44.08278,-115.61861,1194.8,"LOWMAN, ID US",-7777,R,-7777,R,0,R,0,R,0,R,0,R,0,R,0,R,186,R,96,R,-7777,R,-7777,R,-7777,R,0,R,0,R,0,R,0,R,0,R,0,R,-7777,R,-7777,R,7,R,12,R,17,R,22,R,24,R,27,R,32,R,331,R,65,R,424,R,69,R,238,R,90,R
USC00105414,12-Nov,44.08278,-115.61861,1194.8,"LOWMAN, ID US",-7777,R,-7777,R,0,R,0,R,0,R,0,R,0,R,0,R,182,R,95,R,-7777,R,-7777,R,-7777,R,0,R,0,R,0,R,0,R,0,R,0,R,-7777,R,-7777,R,8,R,12,R,17,R,22,R,24,R,27,R,32,R,327,R,66,R,418,R,68,R,236,R,92,R
USC00105414,13-Nov,44.08278,-115.61861,1194.8,"LOWMAN, ID US",-7777,R,0,R,0,R,0,R,0,R,0,R,0,R,0,R,179,R,94,R,-7777,R,-7777,R,0,R,0,R,0,R,0,R,0,R,0,R,0,R,-7777,R,-7777,R,8,R,13,R,18,R,23,R,25,R,28,R,33,R,323,R,66,R,412,R,67,R,233,R,93,R
USC00105414,14-Nov,44.08278,-115.61861,1194.8,"LOWMAN, ID US",-7777,R,0,R,0,R,0,R,0,R,0,R,0,R,0,R,176,R,93,R,-7777,R,-7777,R,0,R,0,R,0,R,0,R,0,R,0,R,0,R,-7777,R,-7777,R,8,R,13,R,18,R,23,R,25,R,28,R,33,R,319,R,67,R,407,R,66,R,230,R,94,R
USC00105414,15-Nov,44.08278,-115.61861,1194.8,"LOWMAN, ID US",-7777,R,0,R,0,R,0,R,0,R,0,R,0,R,0,R,174,R,93,R,-7777,R,-7777,R,0,R,0,R,0,R,0,R,0,R,0,R,0,R,-7777,R,-7777,R,9,R,14,R,19,R,24,R,26,R,29,R,34,R,314,R,68,R,401,R,66,R,228,R,96,R
USC00105414,16-Nov,44.08278,-115.61861,1194.8,"LOWMAN, ID US",-7777,R,0,R,0,R,0,R,0,R,0,R,0,R,0,R,171,R,92,R,-7777,R,-7777,R,0,R,0,R,0,R,0,R,0,R,0,R,0,R,-7777,R,-7777,R,9,R,14,R,19,R,24,R,26,R,29,R,34,R,310,R,69,R,396,R,65,R,224,R,97,R
USC00105414,17-Nov,44.08278,-115.61861,1194.8,"LOWMAN, ID US",-7777,R,0,R,0,R,0,R,0,R,0,R,0,R,0,R,169,R,91,R,-7777,R,-7777,R,0,R,0,R,0,R,0,R,0,R,0,R,0,R,-7777,R,-7777,R,9,R,14,R,19,R,24,R,26,R,29,R,34,R,306,R,70,R,391,R,65,R,221,R,99,R
USC00105414,18-Nov,44.08278,-115.61861,1194.8,"LOWMAN, ID US",-7777,R,0,R,0,R,0,R,0,R,0,R,0,R,0,R,168,R,91,R,-7777,R,-7777,R,0,R,0,R,0,R,0,R,0,R,0,R,0,R,-7777,R,-7777,R,10,R,15,R,20,R,25,R,27,R,30,R,35,R,302,R,71,R,386,R,64,R,218,R,100,R
USC00105414,19-Nov,44.08278,-115.61861,1194.8,"LOWMAN, ID US",0,R,0,R,0,R,0,R,0,R,0,R,0,R,0,R,166,R,90,R,-7777,R,0,R,0,R,0,R,0,R,0,R,0,R,0,R,0,R,-7777,R,-7777,R,10,R,15,R,20,R,25,R,27,R,30,R,35,R,298,R,72,R,381,R,64,R,215,R,101,R
USC00105414,20-Nov,44.08278,-115.61861,1194.8,"LOWMAN, ID US",0,R,0,R,0,R,0,R,0,R,0,R,0,R,0,R,165,R,90,R,-7777,R,0,R,0,R,0,R,0,R,0,R,0,R,0,R,0,R,-7777,R,-7777,R,11,R,16,R,21,R,26,R,28,R,31,R,36,R,294,R,73,R,376,R,63,R,211,R,103,R
USC00105414,21-Nov,44.08278,-115.61861,1194.8,"LOWMAN, ID US",0,R,0,R,0,R,0,R,0,R,0,R,0,R,0,R,164,R,90,R,-7777,R,0,R,0,R,0,R,0,R,0,R,0,R,0,R,0,R,-7777,R,-7777,R,11,R,16,R,21,R,26,R,28,R,31,R,36,R,290,R,73,R,371,R,63,R,208,R,104,R
USC00105414,22-Nov,44.08278,-115.61861,1194.8,"LOWMAN, ID US",0,R,0,R,0,R,0,R,0,R,0,R,0,R,0,R,163,R,90,R,-7777,R,0,R,0,R,0,R,0,R,0,R,0,R,0,R,0,R,-7777,R,-7777,R,11,R,16,R,21,R,26,R,28,R,31,R,36,R,286,R,74,R,367,R,63,R,204,R,105,R
USC00105414,23-Nov,44.08278,-115.61861,1194.8,"LOWMAN, ID US",0,R,0,R,0,R,0,R,0,R,0,R,0,R,0,R,163,R,89,R,-7777,R,0,R,0,R,0,R,0,R,0,R,0,R,0,R,0,R,-7777,R,-7777,R,12,R,17,R,22,R,27,R,29,R,32,R,37,R,282,R,75,R,363,R,63,R,200,R,106,R
USC00105414,24-Nov,44.08278,-115.61861,1194.8,"LOWMAN, ID US",0,R,0,R,0,R,0,R,0,R,0,R,0,R,0,R,162,R,89,R,-7777,R,0,R,0,R,0,R,0,R,0,R,0,R,0,R,0,R,-7777,R,-7777,R,12,R,17,R,22,R,27,R,29,R,32,R,37,R,278,R,76,R,359,R,62,R,197,R,107,R
USC00105414,25-Nov,44.08278,-115.61861,1194.8,"LOWMAN, ID US",0,R,0,R,0,R,0,R,0,R,0,R,0,R,0,R,162,R,89,R,-7777,R,0,R,0,R,0,R,0,R,0,R,0,R,0,R,0,R,-7777,R,-7777,R,13,R,18,R,23,R,28,R,30,R,33,R,38,R,274,R,77,R,355,R,62,R,193,R,108,R
USC00105414,26-Nov,44.08278,-115.61861,1194.8,"LOWMAN, ID US",0,R,0,R,0,R,0,R,0,R,0,R,0,R,0,R,162,R,89,R,-7777,R,0,R,0,R,0,R,0,R,0,R,0,R,0,R,0,R,-7777,R,-7777,R,13,R,18,R,23,R,28,R,30,R,33,R,38,R,270,R,77,R,351,R,62,R,189,R,109,R
USC00105414,27-Nov,44.08278,-115.61861,1194.8,"LOWMAN, ID US",0,R,0,R,0,R,0,R,0,R,0,R,0,R,0,R,162,R,89,R,-7777,R,0,R,0,R,0,R,0,R,0,R,0,R,0,R,0,R,-7777,R,-7777,R,13,R,18,R,23,R,28,R,30,R,33,R,38,R,266,R,78,R,348,R,62,R,185,R,111,R
USC00105414,28-Nov,44.08278,-115.61861,1194.8,"LOWMAN, ID US",0,R,0,R,0,R,0,R,0,R,0,R,0,R,0,R,163,R,89,R,-7777,R,0,R,0,R,0,R,0,R,0,R,0,R,0,R,0,R,-7777,R,-7777,R,14,R,19,R,24,R,29,R,31,R,34,R,39,R,263,R,79,R,344,R,62,R,182,R,112,R
USC00105414,29-Nov,44.08278,-115.61861,1194.8,"LOWMAN, ID US",0,R,0,R,0,R,0,R,0,R,0,R,0,R,0,R,163,R,89,R,-7777,R,0,R,0,R,0,R,0,R,0,R,0,R,0,R,0,R,-7777,R,-7777,R,14,R,19,R,24,R,29,R,31,R,34,R,39,R,259,R,80,R,341,R,62,R,178,R,113,R
USC00105414,30-Nov,44.08278,-115.61861,1194.8,"LOWMAN, ID US",0,R,0,R,0,R,0,R,0,R,0,R,0,R,0,R,164,R,88,R,-7777,R,0,R,0,R,0,R,0,R,0,R,0,R,0,R,0,R,-7777,R,-7777,R,14,R,19,R,24,R,29,R,31,R,34,R,39,R,256,R,80,R,338,R,62,R,174,R,113,R
USC00105414,1-Dec,44.08278,-115.61861,1194.8,"LOWMAN, ID US",0,R,0,R,0,R,0,R,0,R,0,R,0,R,0,R,165,R,88,R,-7777,R,0,R,0,R,0,R,0,R,0,R,0,R,0,R,0,R,-7777,R,-7777,R,15,R,20,R,25,R,30,R,32,R,35,R,40,R,253,R,81,R,335,R,62,R,170,R,114,R
USC00105414,2-Dec,44.08278,-115.61861,1194.8,"LOWMAN, ID US",0,R,0,R,0,R,0,R,0,R,0,R,0,R,0,R,165,R,88,R,-7777,R,0,R,0,R,0,R,0,R,0,R,0,R,0,R,0,R,-7777,R,-7777,R,15,R,20,R,25,R,30,R,32,R,35,R,40,R,249,R,81,R,332,R,62,R,167,R,115,R
USC00105414,3-Dec,44.08278,-115.61861,1194.8,"LOWMAN, ID US",0,R,0,R,0,R,0,R,0,R,0,R,0,R,0,R,166,R,88,R,-7777,R,0,R,0,R,0,R,0,R,0,R,0,R,0,R,0,R,-7777,R,-7777,R,15,R,20,R,25,R,30,R,32,R,35,R,40,R,246,R,82,R,329,R,63,R,163,R,115,R
USC00105414,4-Dec,44.08278,-115.61861,1194.8,"LOWMAN, ID US",0,R,0,R,0,R,0,R,0,R,0,R,0,R,0,R,167,R,88,R,0,R,0,R,0,R,0,R,0,R,0,R,0,R,0,R,0,R,-7777,R,-7777,R,16,R,21,R,26,R,31,R,33,R,36,R,41,R,243,R,82,R,327,R,63,R,160,R,116,R
USC00105414,5-Dec,44.08278,-115.61861,1194.8,"LOWMAN, ID US",0,R,0,R,0,R,0,R,0,R,0,R,0,R,0,R,168,R,88,R,0,R,0,R,0,R,0,R,0,R,0,R,0,R,0,R,0,R,-7777,R,-7777,R,16,R,21,R,26,R,31,R,33,R,36,R,41,R,241,R,83,R,325,R,63,R,157,R,116,R
USC00105414,6-Dec,44.08278,-115.61861,1194.8,"LOWMAN, ID US",0,R,0,R,0,R,0,R,0,R,0,R,0,R,0,R,169,R,88,R,0,R,0,R,0,R,0,R,0,R,0,R,0,R,0,R,0,R,-7777,R,-7777,R,16,R,21,R,26,R,31,R,33,R,36,R,41,R,238,R,83,R,322,R,64,R,153,R,117,R
USC00105414,7-Dec,44.08278,-115.61861,1194.8,"LOWMAN, ID US",0,R,0,R,0,R,0,R,0,R,0,R,0,R,0,R,170,R,88,R,0,R,0,R,0,R,0,R,0,R,0,R,0,R,0,R,0,R,-7777,R,-7777,R,16,R,21,R,26,R,31,R,33,R,36,R,41,R,235,R,83,R,320,R,64,R,150,R,117,R
USC00105414,8-Dec,44.08278,-115.61861,1194.8,"LOWMAN, ID US",0,R,0,R,0,R,0,R,0,R,0,R,0,R,0,R,171,R,88,R,0,R,0,R,0,R,0,R,0,R,0,R,0,R,0,R,0,R,-7777,R,-7777,R,17,R,22,R,27,R,32,R,34,R,37,R,42,R,233,R,84,R,318,R,64,R,147,R,118,R
USC00105414,9-Dec,44.08278,-115.61861,1194.8,"LOWMAN, ID US",0,R,0,R,0,R,0,R,0,R,0,R,0,R,0,R,172,R,89,R,0,R,0,R,0,R,0,R,0,R,0,R,0,R,0,R,0,R,-7777,R,-7777,R,17,R,22,R,27,R,32,R,34,R,37,R,42,R,231,R,84,R,316,R,65,R,145,R,118,R
USC00105414,10-Dec,44.08278,-115.61861,1194.8,"LOWMAN, ID US",0,R,0,R,0,R,0,R,0,R,0,R,0,R,0,R,173,R,89,R,0,R,0,R,0,R,0,R,0,R,0,R,0,R,0,R,0,R,-7777,R,-7777,R,17,R,22,R,27,R,32,R,34,R,37,R,42,R,228,R,85,R,315,R,65,R,142,R,118,R
USC00105414,11-Dec,44.08278,-115.61861,1194.8,"LOWMAN, ID US",0,R,0,R,0,R,0,R,0,R,0,R,0,R,0,R,173,R,89,R,0,R,0,R,0,R,0,R,0,R,0,R,0,R,0,R,0,R,-7777,R,-7777,R,17,R,22,R,27,R,32,R,34,R,37,R,42,R,226,R,85,R,313,R,65,R,140,R,119,R
USC00105414,12-Dec,44.08278,-115.61861,1194.8,"LOWMAN, ID US",0,R,0,R,0,R,0,R,0,R,0,R,0,R,0,R,174,R,89,R,0,R,0,R,0,R,0,R,0,R,0,R,0,R,0,R,0,R,-7777,R,-7777,R,18,R,23,R,28,R,33,R,35,R,38,R,43,R,225,R,85,R,312,R,66,R,137,R,119,R
USC00105414,13-Dec,44.08278,-115.61861,1194.8,"LOWMAN, ID US",0,R,0,R,0,R,0,R,0,R,0,R,0,R,0,R,175,R,89,R,0,R,0,R,0,R,0,R,0,R,0,R,0,R,0,R,0,R,0,R,0,R,18,R,23,R,28,R,33,R,35,R,38,R,43,R,223,R,86,R,310,R,66,R,135,R,120,R
USC00105414,14-Dec,44.08278,-115.61861,1194.8,"LOWMAN, ID US",0,R,0,R,0,R,0,R,0,R,0,R,0,R,0,R,176,R,89,R,0,R,0,R,0,R,0,R,0,R,0,R,0,R,0,R,0,R,0,R,0,R,18,R,23,R,28,R,33,R,35,R,38,R,43,R,221,R,86,R,309,R,66,R,133,R,120,R
USC00105414,15-Dec,44.08278,-115.61861,1194.8,"LOWMAN, ID US",0,R,0,R,0,R,0,R,0,R,0,R,0,R,0,R,176,R,89,R,0,R,0,R,0,R,0,R,0,R,0,R,0,R,0,R,0,R,0,R,0,R,18,R,23,R,28,R,33,R,35,R,38,R,43,R,220,R,86,R,308,R,67,R,132,R,120,R
USC00105414,16-Dec,44.08278,-115.61861,1194.8,"LOWMAN, ID US",0,R,0,R,0,R,0,R,0,R,0,R,0,R,0,R,177,R,89,R,0,R,0,R,0,R,0,R,0,R,0,R,0,R,0,R,0,R,0,R,0,R,18,R,23,R,28,R,33,R,35,R,38,R,43,R,218,R,87,R,307,R,67,R,130,R,121,R
USC00105414,17-Dec,44.08278,-115.61861,1194.8,"LOWMAN, ID US",0,R,0,R,0,R,0,R,0,R,0,R,0,R,0,R,177,R,90,R,0,R,0,R,0,R,0,R,0,R,0,R,0,R,0,R,0,R,0,R,0,R,18,R,23,R,28,R,33,R,35,R,38,R,43,R,217,R,87,R,306,R,67,R,129,R,121,R
USC00105414,18-Dec,44.08278,-115.61861,1194.8,"LOWMAN, ID US",0,R,0,R,0,R,0,R,0,R,0,R,0,R,0,R,177,R,90,R,0,R,0,R,0,R,0,R,0,R,0,R,0,R,0,R,0,R,0,R,0,R,18,R,23,R,28,R,33,R,35,R,38,R,43,R,216,R,87,R,305,R,67,R,128,R,122,R
USC00105414,19-Dec,44.08278,-115.61861,1194.8,"LOWMAN, ID US",0,R,0,R,0,R,0,R,0,R,0,R,0,R,0,R,178,R,90,R,0,R,0,R,0,R,0,R,0,R,0,R,0,R,0,R,0,R,0,R,0,R,18,R,23,R,28,R,33,R,35,R,38,R,43,R,215,R,88,R,304,R,67,R,127,R,123,R
USC00105414,20-Dec,44.08278,-115.61861,1194.8,"LOWMAN, ID US",0,R,0,R,0,R,0,R,0,R,0,R,0,R,0,R,178,R,90,R,-7777,R,0,R,0,R,0,R,0,R,0,R,0,R,0,R,0,R,0,R,0,R,19,R,24,R,29,R,34,R,36,R,39,R,44,R,215,R,88,R,304,R,67,R,126,R,123,R
USC00105414,21-Dec,44.08278,-115.61861,1194.8,"LOWMAN, ID US",0,R,0,R,0,R,0,R,0,R,0,R,0,R,0,R,178,R,90,R,-7777,R,0,R,0,R,0,R,0,R,0,R,0,R,0,R,0,R,-7777,R,-7777,R,19,R,24,R,29,R,34,R,36,R,39,R,44,R,214,R,88,R,303,R,67,R,125,R,124,R
USC00105414,22-Dec,44.08278,-115.61861,1194.8,"LOWMAN, ID US",0,R,0,R,0,R,0,R,0,R,0,R,0,R,0,R,178,R,91,R,-7777,R,0,R,0,R,0,R,0,R,0,R,0,R,0,R,0,R,-7777,R,-7777,R,19,R,24,R,29,R,34,R,36,R,39,R,44,R,214,R,89,R,303,R,67,R,125,R,124,R
USC00105414,23-Dec,44.08278,-115.61861,1194.8,"LOWMAN, ID US",0,R,0,R,0,R,0,R,0,R,0,R,0,R,0,R,178,R,91,R,-7777,R,0,R,0,R,0,R,0,R,0,R,0,R,0,R,0,R,-7777,R,-7777,R,19,R,24,R,29,R,34,R,36,R,39,R,44,R,213,R,89,R,302,R,67,R,124,R,125,R
USC00105414,24-Dec,44.08278,-115.61861,1194.8,"LOWMAN, ID US",0,R,0,R,0,R,0,R,0,R,0,R,0,R,0,R,178,R,91,R,-7777,R,0,R,0,R,0,R,0,R,0,R,0,R,0,R,0,R,-7777,R,-7777,R,19,R,24,R,29,R,34,R,36,R,39,R,44,R,213,R,89,R,302,R,67,R,124,R,125,R
USC00105414,25-Dec,44.08278,-115.61861,1194.8,"LOWMAN, ID US",0,R,0,R,0,R,0,R,0,R,0,R,0,R,0,R,178,R,91,R,-7777,R,0,R,0,R,0,R,0,R,0,R,0,R,0,R,0,R,-7777,R,-7777,R,19,R,24,R,29,R,34,R,36,R,39,R,44,R,213,R,89,R,302,R,66,R,124,R,125,R
USC00105414,26-Dec,44.08278,-115.61861,1194.8,"LOWMAN, ID US",0,R,0,R,0,R,0,R,0,R,0,R,0,R,0,R,177,R,91,R,-7777,R,0,R,0,R,0,R,0,R,0,R,0,R,0,R,0,R,-7777,R,-7777,R,19,R,24,R,29,R,34,R,36,R,39,R,44,R,213,R,89,R,302,R,66,R,124,R,126,R
USC00105414,27-Dec,44.08278,-115.61861,1194.8,"LOWMAN, ID US",0,R,0,R,0,R,0,R,0,R,0,R,0,R,0,R,177,R,91,R,-7777,R,0,R,0,R,0,R,0,R,0,R,0,R,0,R,0,R,-7777,R,-7777,R,19,R,24,R,29,R,34,R,36,R,39,R,44,R,213,R,89,R,302,R,66,R,125,R,126,R
USC00105414,28-Dec,44.08278,-115.61861,1194.8,"LOWMAN, ID US",0,R,0,R,0,R,0,R,0,R,0,R,0,R,0,R,177,R,91,R,-7777,R,0,R,0,R,0,R,0,R,0,R,0,R,0,R,0,R,-7777,R,-7777,R,19,R,24,R,29,R,34,R,36,R,39,R,44,R,213,R,90,R,302,R,66,R,125,R,127,R
USC00105414,29-Dec,44.08278,-115.61861,1194.8,"LOWMAN, ID US",0,R,0,R,0,R,0,R,0,R,0,R,0,R,0,R,176,R,92,R,-7777,R,0,R,0,R,0,R,0,R,0,R,0,R,0,R,0,R,-7777,R,-7777,R,19,R,24,R,29,R,34,R,36,R,39,R,44,R,214,R,90,R,302,R,66,R,125,R,127,R
USC00105414,30-Dec,44.08278,-115.61861,1194.8,"LOWMAN, ID US",0,R,0,R,0,R,0,R,0,R,0,R,0,R,0,R,176,R,92,R,-7777,R,0,R,0,R,0,R,0,R,0,R,0,R,0,R,0,R,-7777,R,-7777,R,19,R,24,R,29,R,34,R,36,R,39,R,44,R,214,R,90,R,302,R,66,R,126,R,127,R
USC00105414,31-Dec,44.08278,-115.61861,1194.8,"LOWMAN, ID US",0,R,0,R,0,R,0,R,0,R,0,R,0,R,0,R,176,R,92,R,-7777,R,0,R,0,R,0,R,0,R,0,R,0,R,0,R,0,R,-7777,R,-7777,R,19,R,24,R,29,R,34,R,36,R,39,R,44,R,215,R,90,R,302,R,65,R,127,R,127,R
